<?xml version = '1.0' encoding = 'UTF-8'?>
<Table class="oracle.dbtools.crest.model.design.relational.Table" directorySegmentName="seg_0" id="0F724463-232E-B3B0-1E45-B0811A98B19F" name="DRUG">
<createdBy>gtan0021</createdBy>
<createdTime>2021-04-27 09:16:37 UTC</createdTime>
<generatorID>2BC573C6-6B19-94ED-3210-0A0270B90292</generatorID>
<ownerDesignName>animaldoctor</ownerDesignName>
<allowColumnReorder>false</allowColumnReorder>
<existDependencyGenerateInDDl>true</existDependencyGenerateInDDl>
<parsed>true</parsed>
<columns itemClass="oracle.dbtools.crest.model.design.relational.Column">
<Column name="drug_id" id="E71AFE8A-C83A-19CB-8F58-F9986DD4344A">
<createdBy>gtan0021</createdBy>
<createdTime>2021-04-27 09:16:37 UTC</createdTime>
<commentInRDBMS><![CDATA[drug id]]></commentInRDBMS>
<generatorID>11F31CAC-6B2D-F104-D7F3-50AA0C87BC53</generatorID>
<ownerDesignName>animaldoctor</ownerDesignName>
<useDomainConstraints>false</useDomainConstraints>
<use>1</use>
<logicalDatatype>LOGDT019</logicalDatatype>
<dataTypePrecision>4</dataTypePrecision>
<ownDataTypeParameters>,4,</ownDataTypeParameters>
<autoIncrementCycle>false</autoIncrementCycle>
</Column>
<Column name="drug_name" id="D1B17162-2969-39B8-B679-28074D01EC0B">
<createdBy>gtan0021</createdBy>
<createdTime>2021-04-27 09:16:37 UTC</createdTime>
<commentInRDBMS><![CDATA[drug name]]></commentInRDBMS>
<generatorID>90B8A538-DC14-D211-61EB-42222C19F123</generatorID>
<ownerDesignName>animaldoctor</ownerDesignName>
<useDomainConstraints>false</useDomainConstraints>
<use>1</use>
<logicalDatatype>LOGDT024</logicalDatatype>
<dataTypeSize>50</dataTypeSize>
<ownDataTypeParameters>50,,</ownDataTypeParameters>
<autoIncrementCycle>false</autoIncrementCycle>
</Column>
<Column name="drug_usage_instructions" id="672208E3-483D-DE65-216D-54D007615EF1">
<createdBy>gtan0021</createdBy>
<createdTime>2021-04-27 09:16:37 UTC</createdTime>
<commentInRDBMS><![CDATA[drug usage instructions]]></commentInRDBMS>
<generatorID>A8AD6907-13AD-8831-A134-AB8BB68E16A8</generatorID>
<ownerDesignName>animaldoctor</ownerDesignName>
<useDomainConstraints>false</useDomainConstraints>
<use>1</use>
<logicalDatatype>LOGDT024</logicalDatatype>
<dataTypeSize>100</dataTypeSize>
<ownDataTypeParameters>100,,</ownDataTypeParameters>
<autoIncrementCycle>false</autoIncrementCycle>
</Column>
<Column name="drug_standard_cost" id="75FD5EC2-C8F0-1461-AF46-E1EBFF614AC6">
<createdBy>gtan0021</createdBy>
<createdTime>2021-04-27 09:16:37 UTC</createdTime>
<commentInRDBMS><![CDATA[drug standard cost]]></commentInRDBMS>
<generatorID>D195C7A0-B1E6-42C7-417F-0616DE633A00</generatorID>
<ownerDesignName>animaldoctor</ownerDesignName>
<useDomainConstraints>false</useDomainConstraints>
<use>1</use>
<logicalDatatype>LOGDT019</logicalDatatype>
<dataTypePrecision>6</dataTypePrecision>
<dataTypeScale>2</dataTypeScale>
<ownDataTypeParameters>,6,2</ownDataTypeParameters>
<autoIncrementCycle>false</autoIncrementCycle>
</Column>
</columns>
<indexes itemClass="oracle.dbtools.crest.model.design.relational.Index">
<ind_PK_UK id="F7F8BEE6-7B03-9039-8B14-A3E174711904" name="DRUG_PK">
<createdBy>gtan0021</createdBy>
<createdTime>2021-04-27 09:16:37 UTC</createdTime>
<generatorID>9A241DF1-CDA6-CB6E-47B8-FDCB22A70086</generatorID>
<ownerDesignName>animaldoctor</ownerDesignName>
<pk>true</pk>
<indexState>Primary Constraint</indexState>
<isSurrogateKey>false</isSurrogateKey>
<indexColumnUsage>
<colUsage columnID="E71AFE8A-C83A-19CB-8F58-F9986DD4344A"/>
</indexColumnUsage>
</ind_PK_UK>
</indexes>
</Table>
