<?xml version = '1.0' encoding = 'UTF-8'?>
<Table class="oracle.dbtools.crest.model.design.relational.Table" directorySegmentName="seg_0" id="1E7B0DFF-1208-F7B8-CC6A-C862A0F00473" name="ANIMAL">
<createdBy>gtan0021</createdBy>
<createdTime>2021-04-27 09:16:36 UTC</createdTime>
<generatorID>1B70709E-A403-3106-A32C-6A53BD139D22</generatorID>
<ownerDesignName>animaldoctor</ownerDesignName>
<allowColumnReorder>false</allowColumnReorder>
<existDependencyGenerateInDDl>true</existDependencyGenerateInDDl>
<parsed>true</parsed>
<columns itemClass="oracle.dbtools.crest.model.design.relational.Column">
<Column name="animal_id" id="D1F6FFC5-8C3A-9590-0F1D-D8DF3E31E845">
<createdBy>gtan0021</createdBy>
<createdTime>2021-04-27 09:16:36 UTC</createdTime>
<commentInRDBMS><![CDATA[animal id]]></commentInRDBMS>
<generatorID>4F1F378C-4F06-5907-94CF-88CDBD90C2D4</generatorID>
<ownerDesignName>animaldoctor</ownerDesignName>
<useDomainConstraints>false</useDomainConstraints>
<use>1</use>
<logicalDatatype>LOGDT019</logicalDatatype>
<dataTypePrecision>7</dataTypePrecision>
<ownDataTypeParameters>,7,</ownDataTypeParameters>
<autoIncrementCycle>false</autoIncrementCycle>
</Column>
<Column name="animal_gender" id="931D7532-CF8B-4734-C5B9-BDCF705128C8">
<createdBy>gtan0021</createdBy>
<createdTime>2021-04-27 09:16:36 UTC</createdTime>
<commentInRDBMS><![CDATA[animal gender (M,F)]]></commentInRDBMS>
<generatorID>626FC59F-9D46-B0F1-2E1D-FEB6F2CC6FA2</generatorID>
<ownerDesignName>animaldoctor</ownerDesignName>
<constraintName>chk_animal_gender</constraintName>
<useDomainConstraints>false</useDomainConstraints>
<use>1</use>
<logicalDatatype>LOGDT025</logicalDatatype>
<dataTypeSize>1</dataTypeSize>
<listOfValues>
<valueDef value="F" description="Gender Female"/>
<valueDef value="M" description="Gender Male"/>
</listOfValues>
<ownDataTypeParameters>1,,</ownDataTypeParameters>
<autoIncrementCycle>false</autoIncrementCycle>
</Column>
<Column name="animal_name" id="924480FF-654F-5930-18D5-031441FEE626">
<createdBy>gtan0021</createdBy>
<createdTime>2021-04-27 09:16:37 UTC</createdTime>
<commentInRDBMS><![CDATA[animal name]]></commentInRDBMS>
<generatorID>C59AABE7-EC64-D0DD-AACF-5E6D773FC54C</generatorID>
<ownerDesignName>animaldoctor</ownerDesignName>
<useDomainConstraints>false</useDomainConstraints>
<use>1</use>
<logicalDatatype>LOGDT024</logicalDatatype>
<dataTypeSize>50</dataTypeSize>
<ownDataTypeParameters>50,,</ownDataTypeParameters>
<autoIncrementCycle>false</autoIncrementCycle>
</Column>
<Column name="animal_birthdate" id="1A75A894-ADD9-763E-9048-7BDDD587D5E0">
<createdBy>gtan0021</createdBy>
<createdTime>2021-04-27 09:16:37 UTC</createdTime>
<commentInRDBMS><![CDATA[animal birthdate ]]></commentInRDBMS>
<generatorID>7D7EA499-AA59-8A3F-8C8C-6C1C69C59686</generatorID>
<ownerDesignName>animaldoctor</ownerDesignName>
<useDomainConstraints>false</useDomainConstraints>
<use>1</use>
<logicalDatatype>LOGDT007</logicalDatatype>
<ownDataTypeParameters>,,</ownDataTypeParameters>
<autoIncrementCycle>false</autoIncrementCycle>
</Column>
<Column name="animal_deceased" id="C83929F1-A9B1-6595-2012-AB9547D51607">
<createdBy>gtan0021</createdBy>
<createdTime>2021-04-27 09:16:37 UTC</createdTime>
<commentInRDBMS><![CDATA[animal deceased or not (Y/N)]]></commentInRDBMS>
<generatorID>C79F27D2-E97E-C997-AF8C-4F95101969A3</generatorID>
<ownerDesignName>animaldoctor</ownerDesignName>
<constraintName>chk_animal_deceased</constraintName>
<useDomainConstraints>false</useDomainConstraints>
<use>1</use>
<logicalDatatype>LOGDT025</logicalDatatype>
<dataTypeSize>1</dataTypeSize>
<listOfValues>
<valueDef value="N" description="No"/>
<valueDef value="Y" description="Yes"/>
</listOfValues>
<ownDataTypeParameters>1,,</ownDataTypeParameters>
<autoIncrementCycle>false</autoIncrementCycle>
</Column>
<Column name="owner_id" id="22AADB11-5F54-7DEA-5CE9-674CB03EFD23">
<createdBy>gtan0021</createdBy>
<createdTime>2021-04-27 09:16:37 UTC</createdTime>
<commentInRDBMS><![CDATA[owner id]]></commentInRDBMS>
<generatorID>137092EF-06A6-79D5-D997-C59D0194B16F</generatorID>
<ownerDesignName>animaldoctor</ownerDesignName>
<useDomainConstraints>false</useDomainConstraints>
<use>1</use>
<logicalDatatype>LOGDT019</logicalDatatype>
<dataTypePrecision>7</dataTypePrecision>
<ownDataTypeParameters>,,</ownDataTypeParameters>
<previousColumn>false</previousColumn>
<autoIncrementCycle>false</autoIncrementCycle>
<associations>
<colAssociation fkAssociation="AC99B0CA-BD3A-F111-FE71-04B1E14B7C06" referredColumn="71BC8DDF-AC13-D03B-D0F4-ECF94BB70CF3"/>
</associations>
</Column>
<Column name="atype_id" id="A2E20AF6-CA72-07E9-B8CC-B24CCD4D1039">
<createdBy>gtan0021</createdBy>
<createdTime>2021-04-27 09:16:37 UTC</createdTime>
<commentInRDBMS><![CDATA[animal type id]]></commentInRDBMS>
<generatorID>9EB0CC48-2D4B-3C0F-DEF5-A5287DFB8278</generatorID>
<ownerDesignName>animaldoctor</ownerDesignName>
<useDomainConstraints>false</useDomainConstraints>
<use>1</use>
<logicalDatatype>LOGDT019</logicalDatatype>
<dataTypePrecision>7</dataTypePrecision>
<ownDataTypeParameters>,,</ownDataTypeParameters>
<previousColumn>false</previousColumn>
<autoIncrementCycle>false</autoIncrementCycle>
<associations>
<colAssociation fkAssociation="4A6E0FE9-CE62-384F-6696-2BEADF762637" referredColumn="2DEF6DCC-B060-5813-7884-93EBB0895EAA"/>
</associations>
</Column>
</columns>
<indexes itemClass="oracle.dbtools.crest.model.design.relational.Index">
<ind_PK_UK id="26393E84-9594-6BD4-A710-B8EA1E634B13" name="ANIMAL_PK">
<createdBy>gtan0021</createdBy>
<createdTime>2021-04-27 09:16:37 UTC</createdTime>
<generatorID>45F268D6-8C3E-957D-7287-C2860DF2CA78</generatorID>
<ownerDesignName>animaldoctor</ownerDesignName>
<pk>true</pk>
<indexState>Primary Constraint</indexState>
<isSurrogateKey>false</isSurrogateKey>
<indexColumnUsage>
<colUsage columnID="D1F6FFC5-8C3A-9590-0F1D-D8DF3E31E845"/>
</indexColumnUsage>
</ind_PK_UK>
<ind_PK_UK id="C9778B49-6014-9066-2A03-CAF9E9D0E3CB" name="ANIMAL_TYPE_ANIMAL">
<createdBy>gtan0021</createdBy>
<createdTime>2021-04-27 09:16:37 UTC</createdTime>
<generatorID>19D48CF5-951F-CBCB-8DB9-0A25C3477D6D</generatorID>
<ownerDesignName>animaldoctor</ownerDesignName>
<indexState>Foreign Key</indexState>
<isSurrogateKey>false</isSurrogateKey>
<indexColumnUsage>
<colUsage columnID="A2E20AF6-CA72-07E9-B8CC-B24CCD4D1039"/>
</indexColumnUsage>
</ind_PK_UK>
<ind_PK_UK id="051EF0C1-1707-CB57-1D15-9BEEF7286E90" name="OWNER_ANIMAL">
<createdBy>gtan0021</createdBy>
<createdTime>2021-04-27 09:16:37 UTC</createdTime>
<generatorID>75BA6D26-9531-7662-987A-FE97EDC353D4</generatorID>
<ownerDesignName>animaldoctor</ownerDesignName>
<indexState>Foreign Key</indexState>
<isSurrogateKey>false</isSurrogateKey>
<indexColumnUsage>
<colUsage columnID="22AADB11-5F54-7DEA-5CE9-674CB03EFD23"/>
</indexColumnUsage>
</ind_PK_UK>
</indexes>
</Table>
