<?xml version = '1.0' encoding = 'UTF-8'?>
<Table class="oracle.dbtools.crest.model.design.relational.Table" directorySegmentName="seg_0" id="2A6F9AC2-5D33-8EF5-73AC-AF45E155BD0B" name="ANIMAL_TYPE">
<createdBy>gtan0021</createdBy>
<createdTime>2021-04-27 09:16:37 UTC</createdTime>
<generatorID>D49D3125-66BE-E584-6625-3F0BBD7B9CB4</generatorID>
<ownerDesignName>animaldoctor</ownerDesignName>
<allowColumnReorder>false</allowColumnReorder>
<existDependencyGenerateInDDl>true</existDependencyGenerateInDDl>
<parsed>true</parsed>
<columns itemClass="oracle.dbtools.crest.model.design.relational.Column">
<Column name="atype_id" id="2DEF6DCC-B060-5813-7884-93EBB0895EAA">
<createdBy>gtan0021</createdBy>
<createdTime>2021-04-27 09:16:37 UTC</createdTime>
<commentInRDBMS><![CDATA[animal type id]]></commentInRDBMS>
<generatorID>02BE7690-0A6D-4CF3-BD7C-F5556A55B417</generatorID>
<ownerDesignName>animaldoctor</ownerDesignName>
<useDomainConstraints>false</useDomainConstraints>
<use>1</use>
<logicalDatatype>LOGDT019</logicalDatatype>
<dataTypePrecision>7</dataTypePrecision>
<ownDataTypeParameters>,7,</ownDataTypeParameters>
<autoIncrementCycle>false</autoIncrementCycle>
</Column>
<Column name="atype_name" id="944EA3C3-62E0-62FA-A96B-6FF3B3D8C07D">
<createdBy>gtan0021</createdBy>
<createdTime>2021-04-27 09:16:37 UTC</createdTime>
<commentInRDBMS><![CDATA[animal type name]]></commentInRDBMS>
<generatorID>671F60E9-96F9-FC4E-5622-C4DD0E0F45A4</generatorID>
<ownerDesignName>animaldoctor</ownerDesignName>
<useDomainConstraints>false</useDomainConstraints>
<use>1</use>
<logicalDatatype>LOGDT024</logicalDatatype>
<dataTypeSize>50</dataTypeSize>
<ownDataTypeParameters>50,,</ownDataTypeParameters>
<autoIncrementCycle>false</autoIncrementCycle>
</Column>
</columns>
<indexes itemClass="oracle.dbtools.crest.model.design.relational.Index">
<ind_PK_UK id="B80C1CAF-8929-6DDB-3929-F8E6301FD5DA" name="ANIMAL_TYPE_PK">
<createdBy>gtan0021</createdBy>
<createdTime>2021-04-27 09:16:37 UTC</createdTime>
<generatorID>D4D60A78-E760-1847-D33E-B3B8EC826A37</generatorID>
<ownerDesignName>animaldoctor</ownerDesignName>
<pk>true</pk>
<indexState>Primary Constraint</indexState>
<isSurrogateKey>false</isSurrogateKey>
<indexColumnUsage>
<colUsage columnID="2DEF6DCC-B060-5813-7884-93EBB0895EAA"/>
</indexColumnUsage>
</ind_PK_UK>
<ind_PK_UK id="B846259E-99F7-6D01-AC58-7A90A83C24D1" name="un_animal_type">
<createdBy>gtan0021</createdBy>
<createdTime>2021-04-27 09:16:37 UTC</createdTime>
<generatorID>124BCF54-13DC-5F48-B186-5B36098A7C01</generatorID>
<ownerDesignName>animaldoctor</ownerDesignName>
<indexState>Unique Constraint</indexState>
<isSurrogateKey>false</isSurrogateKey>
<indexColumnUsage>
<colUsage columnID="944EA3C3-62E0-62FA-A96B-6FF3B3D8C07D"/>
</indexColumnUsage>
</ind_PK_UK>
</indexes>
</Table>
