<?xml version = '1.0' encoding = 'UTF-8'?>
<Table class="oracle.dbtools.crest.model.design.relational.Table" directorySegmentName="seg_0" id="31C76C09-D3AF-AAD4-BAAE-5B109EF69B71" name="ROVE">
<createdBy>gtan0021</createdBy>
<createdTime>2021-04-27 09:16:37 UTC</createdTime>
<generatorID>ECD3A245-E15C-6399-E1B5-25C730F10F4C</generatorID>
<ownerDesignName>animaldoctor</ownerDesignName>
<allowColumnReorder>false</allowColumnReorder>
<existDependencyGenerateInDDl>true</existDependencyGenerateInDDl>
<parsed>true</parsed>
<columns itemClass="oracle.dbtools.crest.model.design.relational.Column">
<Column name="vet_id" id="83E3620C-6D47-13E5-D766-41D9CB33ABD4">
<createdBy>gtan0021</createdBy>
<createdTime>2021-04-27 09:16:37 UTC</createdTime>
<commentInRDBMS><![CDATA[vet id]]></commentInRDBMS>
<generatorID>D5AABFD3-EABA-8CE4-FA3C-18CED92A4041</generatorID>
<ownerDesignName>animaldoctor</ownerDesignName>
<useDomainConstraints>false</useDomainConstraints>
<use>1</use>
<logicalDatatype>LOGDT019</logicalDatatype>
<dataTypePrecision>7</dataTypePrecision>
<ownDataTypeParameters>,,</ownDataTypeParameters>
<previousColumn>false</previousColumn>
<autoIncrementCycle>false</autoIncrementCycle>
<associations>
<colAssociation fkAssociation="C4B1E22B-FC32-1B92-16A6-4764CC71F345" referredColumn="06602276-C9C8-5448-4C21-941F52D22CB8"/>
</associations>
</Column>
<Column name="clinic_id" id="B5CA28D7-2C42-3D24-3E55-3E8AC49C9E92">
<createdBy>gtan0021</createdBy>
<createdTime>2021-04-27 09:16:37 UTC</createdTime>
<commentInRDBMS><![CDATA[clinic id]]></commentInRDBMS>
<generatorID>D07FF857-2A13-481E-3890-1FA1CED609B6</generatorID>
<ownerDesignName>animaldoctor</ownerDesignName>
<useDomainConstraints>false</useDomainConstraints>
<use>1</use>
<logicalDatatype>LOGDT019</logicalDatatype>
<dataTypePrecision>10</dataTypePrecision>
<ownDataTypeParameters>,,</ownDataTypeParameters>
<previousColumn>false</previousColumn>
<autoIncrementCycle>false</autoIncrementCycle>
<associations>
<colAssociation fkAssociation="11FEE687-78D5-7CE6-C533-05FF1A6A9B05" referredColumn="29F42E75-02CC-01EF-9B46-157CAB9D55CE"/>
</associations>
</Column>
<Column name="rove_vet_count" id="FBBBA63E-CA50-7B43-5C67-0DE42892F5BC">
<createdBy>gtan0021</createdBy>
<createdTime>2021-04-27 09:16:37 UTC</createdTime>
<commentInRDBMS><![CDATA[rove vet count, how many times a vet serviced a visit at clinics which are not their home clinic ]]></commentInRDBMS>
<generatorID>FE92AF1A-53D8-0A84-CC66-02E0E25BCA53</generatorID>
<ownerDesignName>animaldoctor</ownerDesignName>
<useDomainConstraints>false</useDomainConstraints>
<use>1</use>
<logicalDatatype>LOGDT019</logicalDatatype>
<dataTypePrecision>7</dataTypePrecision>
<ownDataTypeParameters>,7,</ownDataTypeParameters>
<autoIncrementCycle>false</autoIncrementCycle>
</Column>
</columns>
<indexes itemClass="oracle.dbtools.crest.model.design.relational.Index">
<ind_PK_UK id="DDE15F28-FBCA-BE1F-76FC-F2FCB12D7097" name="ROVE_PK">
<createdBy>gtan0021</createdBy>
<createdTime>2021-04-27 09:16:37 UTC</createdTime>
<generatorID>776C5625-3FFB-110B-148A-E30574488705</generatorID>
<ownerDesignName>animaldoctor</ownerDesignName>
<pk>true</pk>
<indexState>Primary Constraint</indexState>
<isSurrogateKey>false</isSurrogateKey>
<indexColumnUsage>
<colUsage columnID="83E3620C-6D47-13E5-D766-41D9CB33ABD4"/>
<colUsage columnID="B5CA28D7-2C42-3D24-3E55-3E8AC49C9E92"/>
</indexColumnUsage>
</ind_PK_UK>
<ind_PK_UK id="487AAD45-0B65-1657-C07C-0AC614BE69EF" name="CLINIC_ROVE">
<createdBy>gtan0021</createdBy>
<createdTime>2021-04-27 09:16:37 UTC</createdTime>
<generatorID>2D8D8DB0-157B-4BC5-10C1-28E0ACA896B0</generatorID>
<ownerDesignName>animaldoctor</ownerDesignName>
<indexState>Foreign Key</indexState>
<isSurrogateKey>false</isSurrogateKey>
<indexColumnUsage>
<colUsage columnID="B5CA28D7-2C42-3D24-3E55-3E8AC49C9E92"/>
</indexColumnUsage>
</ind_PK_UK>
<ind_PK_UK id="15CDA63A-3632-C195-0723-727D6DE548A7" name="VET_ROVE">
<createdBy>gtan0021</createdBy>
<createdTime>2021-04-27 09:16:37 UTC</createdTime>
<generatorID>4AB0A83E-2FA5-BD1D-78E3-BFB8E83711B5</generatorID>
<ownerDesignName>animaldoctor</ownerDesignName>
<indexState>Foreign Key</indexState>
<isSurrogateKey>false</isSurrogateKey>
<indexColumnUsage>
<colUsage columnID="83E3620C-6D47-13E5-D766-41D9CB33ABD4"/>
</indexColumnUsage>
</ind_PK_UK>
</indexes>
</Table>
