<?xml version = '1.0' encoding = 'UTF-8'?>
<Table class="oracle.dbtools.crest.model.design.relational.Table" directorySegmentName="seg_0" id="711A8A52-B3A1-268C-9179-715C30461903" name="VET_SPECIALISATION">
<createdBy>gtan0021</createdBy>
<createdTime>2021-04-27 09:16:37 UTC</createdTime>
<generatorID>5083E2FC-F48C-28F3-DB4F-580D6B35DF23</generatorID>
<ownerDesignName>animaldoctor</ownerDesignName>
<allowColumnReorder>false</allowColumnReorder>
<existDependencyGenerateInDDl>true</existDependencyGenerateInDDl>
<parsed>true</parsed>
<columns itemClass="oracle.dbtools.crest.model.design.relational.Column">
<Column name="vspecial_area_id" id="5B5058BF-59F3-BDBD-5645-2F848802D5B7">
<createdBy>gtan0021</createdBy>
<createdTime>2021-04-27 09:16:37 UTC</createdTime>
<commentInRDBMS><![CDATA[vet specialised area id]]></commentInRDBMS>
<generatorID>991D441B-E57A-0A43-3E44-3775959CB3A1</generatorID>
<ownerDesignName>animaldoctor</ownerDesignName>
<useDomainConstraints>false</useDomainConstraints>
<use>1</use>
<logicalDatatype>LOGDT019</logicalDatatype>
<dataTypePrecision>7</dataTypePrecision>
<ownDataTypeParameters>,7,</ownDataTypeParameters>
<autoIncrementCycle>false</autoIncrementCycle>
</Column>
<Column name="vspecial_area_name" id="ADC6B03D-6DD2-A1FB-C28F-ACFBA1ACA0FC">
<createdBy>gtan0021</createdBy>
<createdTime>2021-04-27 09:16:37 UTC</createdTime>
<commentInRDBMS><![CDATA[vet specialised area name]]></commentInRDBMS>
<generatorID>41A9E09B-54C9-919F-1879-967A062DEAA8</generatorID>
<ownerDesignName>animaldoctor</ownerDesignName>
<useDomainConstraints>false</useDomainConstraints>
<use>1</use>
<logicalDatatype>LOGDT024</logicalDatatype>
<dataTypeSize>50</dataTypeSize>
<ownDataTypeParameters>50,,</ownDataTypeParameters>
<autoIncrementCycle>false</autoIncrementCycle>
</Column>
</columns>
<indexes itemClass="oracle.dbtools.crest.model.design.relational.Index">
<ind_PK_UK id="21D2C16C-3462-1492-4E1E-AEB5ED62DC0B" name="VET_SPECIALISATION_PK">
<createdBy>gtan0021</createdBy>
<createdTime>2021-04-27 09:16:37 UTC</createdTime>
<generatorID>B32686F0-DC60-15A6-70D9-3CB88FB433C0</generatorID>
<ownerDesignName>animaldoctor</ownerDesignName>
<pk>true</pk>
<indexState>Primary Constraint</indexState>
<isSurrogateKey>false</isSurrogateKey>
<indexColumnUsage>
<colUsage columnID="5B5058BF-59F3-BDBD-5645-2F848802D5B7"/>
</indexColumnUsage>
</ind_PK_UK>
<ind_PK_UK id="69BFC226-B2A9-4873-D458-02B130C3F5B6" name="un_vspecial_area_name">
<createdBy>gtan0021</createdBy>
<createdTime>2021-04-27 09:16:37 UTC</createdTime>
<generatorID>4F48553E-F06D-C0BC-B3B4-B9E6C6573755</generatorID>
<ownerDesignName>animaldoctor</ownerDesignName>
<indexState>Unique Constraint</indexState>
<isSurrogateKey>false</isSurrogateKey>
<indexColumnUsage>
<colUsage columnID="ADC6B03D-6DD2-A1FB-C28F-ACFBA1ACA0FC"/>
</indexColumnUsage>
</ind_PK_UK>
</indexes>
</Table>
