<?xml version = '1.0' encoding = 'UTF-8'?>
<Table class="oracle.dbtools.crest.model.design.relational.Table" directorySegmentName="seg_0" id="A1DD5661-5E87-BB2B-369C-5B588E591CF5" name="SERVICE">
<createdBy>gtan0021</createdBy>
<createdTime>2021-04-27 09:16:37 UTC</createdTime>
<generatorID>EA6C9C55-C3FE-8EBF-9B5B-286656DD769C</generatorID>
<ownerDesignName>animaldoctor</ownerDesignName>
<allowColumnReorder>false</allowColumnReorder>
<existDependencyGenerateInDDl>true</existDependencyGenerateInDDl>
<parsed>true</parsed>
<columns itemClass="oracle.dbtools.crest.model.design.relational.Column">
<Column name="service_code" id="8DFC70C0-AC42-9416-6373-94AFBE53F0E8">
<createdBy>gtan0021</createdBy>
<createdTime>2021-04-27 09:16:37 UTC</createdTime>
<commentInRDBMS><![CDATA[service code]]></commentInRDBMS>
<generatorID>27F70F63-13E6-C34C-0D1E-0B362F12F3BF</generatorID>
<ownerDesignName>animaldoctor</ownerDesignName>
<useDomainConstraints>false</useDomainConstraints>
<use>1</use>
<logicalDatatype>LOGDT024</logicalDatatype>
<dataTypeSize>10</dataTypeSize>
<ownDataTypeParameters>,,</ownDataTypeParameters>
<previousColumn>false</previousColumn>
<autoIncrementCycle>false</autoIncrementCycle>
<associations>
<colAssociation fkAssociation="5B7889DE-6B7F-7555-7FFF-19F233F6264D" referredColumn="B1782C5A-1A19-453E-7FDD-C5F420F2DD70"/>
</associations>
</Column>
<Column name="visit_id" id="59124F68-5F42-D85F-FAFD-4A244EA5B284">
<createdBy>gtan0021</createdBy>
<createdTime>2021-04-27 09:16:37 UTC</createdTime>
<commentInRDBMS><![CDATA[surrgoate visit id]]></commentInRDBMS>
<generatorID>16EFB9E6-7E79-9F54-EBAB-FCB31BCFF01B</generatorID>
<ownerDesignName>animaldoctor</ownerDesignName>
<useDomainConstraints>false</useDomainConstraints>
<use>1</use>
<logicalDatatype>LOGDT019</logicalDatatype>
<dataTypePrecision>7</dataTypePrecision>
<ownDataTypeParameters>,,</ownDataTypeParameters>
<previousColumn>false</previousColumn>
<autoIncrementCycle>false</autoIncrementCycle>
<associations>
<colAssociation fkAssociation="F133CC06-D3F3-B3C6-4D79-7E64758A778F" referredColumn="AEF87DB7-63DC-3DA7-19B3-38B991F23D55"/>
</associations>
</Column>
<Column name="service_cost" id="EB17C824-9DDC-D0E5-7ABD-5C105C6A84A6">
<createdBy>gtan0021</createdBy>
<createdTime>2021-04-27 09:16:37 UTC</createdTime>
<commentInRDBMS><![CDATA[service cost]]></commentInRDBMS>
<generatorID>A63CAEC3-D170-DE59-87F9-F1AFFAA38493</generatorID>
<ownerDesignName>animaldoctor</ownerDesignName>
<useDomainConstraints>false</useDomainConstraints>
<use>1</use>
<logicalDatatype>LOGDT019</logicalDatatype>
<dataTypePrecision>6</dataTypePrecision>
<dataTypeScale>2</dataTypeScale>
<ownDataTypeParameters>,6,2</ownDataTypeParameters>
<autoIncrementCycle>false</autoIncrementCycle>
</Column>
</columns>
<indexes itemClass="oracle.dbtools.crest.model.design.relational.Index">
<ind_PK_UK id="EFB1BDC2-D930-87C4-0FEE-D5C3DACC7CA5" name="SERVICE_PK">
<createdBy>gtan0021</createdBy>
<createdTime>2021-04-27 09:16:37 UTC</createdTime>
<generatorID>B0DFDD02-CABA-B335-CDCB-E4F3608BF57A</generatorID>
<ownerDesignName>animaldoctor</ownerDesignName>
<pk>true</pk>
<indexState>Primary Constraint</indexState>
<isSurrogateKey>false</isSurrogateKey>
<indexColumnUsage>
<colUsage columnID="8DFC70C0-AC42-9416-6373-94AFBE53F0E8"/>
<colUsage columnID="59124F68-5F42-D85F-FAFD-4A244EA5B284"/>
</indexColumnUsage>
</ind_PK_UK>
<ind_PK_UK id="2B777110-6F3C-8B21-EF62-58DE83872A0A" name="SERVICE_DETAILS_SERVICE">
<createdBy>gtan0021</createdBy>
<createdTime>2021-04-27 09:16:37 UTC</createdTime>
<generatorID>5F9F4550-E871-8300-36E6-65EB5CD71401</generatorID>
<ownerDesignName>animaldoctor</ownerDesignName>
<indexState>Foreign Key</indexState>
<isSurrogateKey>false</isSurrogateKey>
<indexColumnUsage>
<colUsage columnID="8DFC70C0-AC42-9416-6373-94AFBE53F0E8"/>
</indexColumnUsage>
</ind_PK_UK>
<ind_PK_UK id="FA1F1C72-230F-3CDF-9A29-9EE2DE2A8D8C" name="VISIT_SERVICE">
<createdBy>gtan0021</createdBy>
<createdTime>2021-04-27 09:16:37 UTC</createdTime>
<generatorID>E8AF2432-239E-A345-ECA1-DDF44F13CF75</generatorID>
<ownerDesignName>animaldoctor</ownerDesignName>
<indexState>Foreign Key</indexState>
<isSurrogateKey>false</isSurrogateKey>
<indexColumnUsage>
<colUsage columnID="59124F68-5F42-D85F-FAFD-4A244EA5B284"/>
</indexColumnUsage>
</ind_PK_UK>
</indexes>
</Table>
