<?xml version = '1.0' encoding = 'UTF-8'?>
<Table class="oracle.dbtools.crest.model.design.relational.Table" directorySegmentName="seg_0" id="C2D0B8C5-5C84-2DDA-28D8-72D0558FBD30" name="OWNER">
<createdBy>gtan0021</createdBy>
<createdTime>2021-04-27 09:16:37 UTC</createdTime>
<generatorID>80A7101F-001C-791D-1733-AA2F5ADA2679</generatorID>
<ownerDesignName>animaldoctor</ownerDesignName>
<allowColumnReorder>false</allowColumnReorder>
<existDependencyGenerateInDDl>true</existDependencyGenerateInDDl>
<parsed>true</parsed>
<columns itemClass="oracle.dbtools.crest.model.design.relational.Column">
<Column name="owner_id" id="71BC8DDF-AC13-D03B-D0F4-ECF94BB70CF3">
<createdBy>gtan0021</createdBy>
<createdTime>2021-04-27 09:16:37 UTC</createdTime>
<commentInRDBMS><![CDATA[owner id]]></commentInRDBMS>
<generatorID>3B76B420-60B7-1B8F-94C3-B844A4EB0F49</generatorID>
<ownerDesignName>animaldoctor</ownerDesignName>
<useDomainConstraints>false</useDomainConstraints>
<use>1</use>
<logicalDatatype>LOGDT019</logicalDatatype>
<dataTypePrecision>7</dataTypePrecision>
<ownDataTypeParameters>,7,</ownDataTypeParameters>
<autoIncrementCycle>false</autoIncrementCycle>
</Column>
<Column name="owner_givname" id="E3822C81-6485-2606-AC14-C8A980B5C017">
<createdBy>gtan0021</createdBy>
<createdTime>2021-04-27 09:16:37 UTC</createdTime>
<commentInRDBMS><![CDATA[owner given name]]></commentInRDBMS>
<generatorID>73C6DD58-FFD2-E82D-0BBF-E662C487080B</generatorID>
<ownerDesignName>animaldoctor</ownerDesignName>
<useDomainConstraints>false</useDomainConstraints>
<use>1</use>
<logicalDatatype>LOGDT024</logicalDatatype>
<dataTypeSize>50</dataTypeSize>
<ownDataTypeParameters>50,,</ownDataTypeParameters>
<autoIncrementCycle>false</autoIncrementCycle>
</Column>
<Column name="owner_famname" id="0C00D88C-5297-DF05-3C50-62DD8BF5EC5B">
<createdBy>gtan0021</createdBy>
<createdTime>2021-04-27 09:16:37 UTC</createdTime>
<commentInRDBMS><![CDATA[owner family name]]></commentInRDBMS>
<generatorID>9EE653A9-19C8-76C7-B961-7A4A5E09A37C</generatorID>
<ownerDesignName>animaldoctor</ownerDesignName>
<useDomainConstraints>false</useDomainConstraints>
<use>1</use>
<logicalDatatype>LOGDT024</logicalDatatype>
<dataTypeSize>50</dataTypeSize>
<ownDataTypeParameters>50,,</ownDataTypeParameters>
<autoIncrementCycle>false</autoIncrementCycle>
</Column>
<Column name="owner_street" id="E96BF5E7-1CE5-0F88-D90C-CC89E3F2F5FC">
<createdBy>gtan0021</createdBy>
<createdTime>2021-04-27 09:16:37 UTC</createdTime>
<commentInRDBMS><![CDATA[owner address street]]></commentInRDBMS>
<generatorID>2A872B5C-2560-F3C4-B0C8-2C19D0CE362D</generatorID>
<ownerDesignName>animaldoctor</ownerDesignName>
<useDomainConstraints>false</useDomainConstraints>
<use>1</use>
<logicalDatatype>LOGDT024</logicalDatatype>
<dataTypeSize>30</dataTypeSize>
<ownDataTypeParameters>30,,</ownDataTypeParameters>
<autoIncrementCycle>false</autoIncrementCycle>
</Column>
<Column name="owner_town" id="5C269310-705F-5869-4477-E7A7A5D6D9D0">
<createdBy>gtan0021</createdBy>
<createdTime>2021-04-27 09:16:37 UTC</createdTime>
<commentInRDBMS><![CDATA[owner address town ]]></commentInRDBMS>
<generatorID>B523636A-5EA2-3B23-EFD8-92367E3E758D</generatorID>
<ownerDesignName>animaldoctor</ownerDesignName>
<useDomainConstraints>false</useDomainConstraints>
<use>1</use>
<logicalDatatype>LOGDT024</logicalDatatype>
<dataTypeSize>30</dataTypeSize>
<ownDataTypeParameters>30,,</ownDataTypeParameters>
<autoIncrementCycle>false</autoIncrementCycle>
</Column>
<Column name="owner_postcode" id="692911A5-A233-2DDC-91FB-739C956E534E">
<createdBy>gtan0021</createdBy>
<createdTime>2021-04-27 09:16:37 UTC</createdTime>
<commentInRDBMS><![CDATA[owner address post code]]></commentInRDBMS>
<generatorID>B18AC7C1-E4A1-E1F9-9B8B-914AF68C225A</generatorID>
<ownerDesignName>animaldoctor</ownerDesignName>
<useDomainConstraints>false</useDomainConstraints>
<use>1</use>
<logicalDatatype>LOGDT025</logicalDatatype>
<dataTypeSize>4</dataTypeSize>
<ownDataTypeParameters>4,,</ownDataTypeParameters>
<autoIncrementCycle>false</autoIncrementCycle>
</Column>
<Column name="owner_phoneno" id="5F6236EF-18B8-4144-26D8-414CDD2570DF">
<createdBy>gtan0021</createdBy>
<createdTime>2021-04-27 09:16:37 UTC</createdTime>
<commentInRDBMS><![CDATA[owner phone number]]></commentInRDBMS>
<generatorID>2283F7E4-3540-C9BB-3F59-8BF7D4C87EA6</generatorID>
<ownerDesignName>animaldoctor</ownerDesignName>
<nullsAllowed>true</nullsAllowed>
<useDomainConstraints>false</useDomainConstraints>
<use>1</use>
<logicalDatatype>LOGDT025</logicalDatatype>
<dataTypeSize>10</dataTypeSize>
<ownDataTypeParameters>10,,</ownDataTypeParameters>
<autoIncrementCycle>false</autoIncrementCycle>
</Column>
<Column name="vet_id" id="D7468CD7-687D-9F79-1FE0-C63F1C3028EA">
<createdBy>gtan0021</createdBy>
<createdTime>2021-04-27 09:16:37 UTC</createdTime>
<commentInRDBMS><![CDATA[vet id]]></commentInRDBMS>
<generatorID>FB36EF69-23C0-0292-7045-BC3E3F6F4CB3</generatorID>
<ownerDesignName>animaldoctor</ownerDesignName>
<useDomainConstraints>false</useDomainConstraints>
<use>1</use>
<logicalDatatype>LOGDT019</logicalDatatype>
<dataTypePrecision>7</dataTypePrecision>
<ownDataTypeParameters>,,</ownDataTypeParameters>
<previousColumn>false</previousColumn>
<autoIncrementCycle>false</autoIncrementCycle>
<associations>
<colAssociation fkAssociation="BD783ABD-C0F0-5879-B91C-0E5901EBE174" referredColumn="06602276-C9C8-5448-4C21-941F52D22CB8"/>
</associations>
</Column>
</columns>
<indexes itemClass="oracle.dbtools.crest.model.design.relational.Index">
<ind_PK_UK id="9D986264-0DE8-1AC7-F5A8-78F965AC9F27" name="OWNER_PK">
<createdBy>gtan0021</createdBy>
<createdTime>2021-04-27 09:16:37 UTC</createdTime>
<generatorID>56C2A171-C8CF-9197-FE4D-06D055F9A62B</generatorID>
<ownerDesignName>animaldoctor</ownerDesignName>
<pk>true</pk>
<indexState>Primary Constraint</indexState>
<isSurrogateKey>false</isSurrogateKey>
<indexColumnUsage>
<colUsage columnID="71BC8DDF-AC13-D03B-D0F4-ECF94BB70CF3"/>
</indexColumnUsage>
</ind_PK_UK>
<ind_PK_UK id="28D71FCA-E4B0-2616-9DFF-71400DEFDD10" name="VET_OWNER">
<createdBy>gtan0021</createdBy>
<createdTime>2021-04-27 09:16:37 UTC</createdTime>
<generatorID>5D9172D1-4997-E867-AAF5-9EF4A974A566</generatorID>
<ownerDesignName>animaldoctor</ownerDesignName>
<indexState>Foreign Key</indexState>
<isSurrogateKey>false</isSurrogateKey>
<indexColumnUsage>
<colUsage columnID="D7468CD7-687D-9F79-1FE0-C63F1C3028EA"/>
</indexColumnUsage>
</ind_PK_UK>
</indexes>
</Table>
