<?xml version = '1.0' encoding = 'UTF-8'?>
<Table class="oracle.dbtools.crest.model.design.relational.Table" directorySegmentName="seg_0" id="E9F89668-2FC9-C1F7-733F-818DEEBB7CA4" name="PRESCRIPTION">
<createdBy>gtan0021</createdBy>
<createdTime>2021-04-27 09:16:37 UTC</createdTime>
<generatorID>8D833F94-0EC9-13BC-859B-03F3DC0B90E1</generatorID>
<ownerDesignName>animaldoctor</ownerDesignName>
<allowColumnReorder>false</allowColumnReorder>
<existDependencyGenerateInDDl>true</existDependencyGenerateInDDl>
<parsed>true</parsed>
<columns itemClass="oracle.dbtools.crest.model.design.relational.Column">
<Column name="visit_id" id="AF871B20-6312-5F52-8596-1A647F8A6764">
<createdBy>gtan0021</createdBy>
<createdTime>2021-04-27 09:16:37 UTC</createdTime>
<commentInRDBMS><![CDATA[surrgoate visit id]]></commentInRDBMS>
<generatorID>C470BAC8-3EC0-214F-63BC-D872B16FD663</generatorID>
<ownerDesignName>animaldoctor</ownerDesignName>
<useDomainConstraints>false</useDomainConstraints>
<use>1</use>
<logicalDatatype>LOGDT019</logicalDatatype>
<dataTypePrecision>7</dataTypePrecision>
<ownDataTypeParameters>,,</ownDataTypeParameters>
<previousColumn>false</previousColumn>
<autoIncrementCycle>false</autoIncrementCycle>
<associations>
<colAssociation fkAssociation="210A6063-9E42-BB6A-E8D9-0A16911B8497" referredColumn="AEF87DB7-63DC-3DA7-19B3-38B991F23D55"/>
</associations>
</Column>
<Column name="drug_id" id="C207C4CC-548A-BEE7-EDE9-938981031D08">
<createdBy>gtan0021</createdBy>
<createdTime>2021-04-27 09:16:37 UTC</createdTime>
<commentInRDBMS><![CDATA[drug id]]></commentInRDBMS>
<generatorID>5E74AB8B-3D67-DFBA-B533-B7780CD26340</generatorID>
<ownerDesignName>animaldoctor</ownerDesignName>
<useDomainConstraints>false</useDomainConstraints>
<use>1</use>
<logicalDatatype>LOGDT019</logicalDatatype>
<dataTypePrecision>4</dataTypePrecision>
<ownDataTypeParameters>,,</ownDataTypeParameters>
<previousColumn>false</previousColumn>
<autoIncrementCycle>false</autoIncrementCycle>
<associations>
<colAssociation fkAssociation="D626A963-F1B8-89ED-3875-338ECB3B8B3B" referredColumn="E71AFE8A-C83A-19CB-8F58-F9986DD4344A"/>
</associations>
</Column>
<Column name="prescription_drug_qtysupplied" id="DACDD65C-8172-22FF-2538-B0B63C4AAC33">
<createdBy>gtan0021</createdBy>
<createdTime>2021-04-27 09:16:37 UTC</createdTime>
<commentInRDBMS><![CDATA[prescription drug quantity supplied]]></commentInRDBMS>
<generatorID>8D9C8879-8913-E78A-003C-E9227D08E957</generatorID>
<ownerDesignName>animaldoctor</ownerDesignName>
<nullsAllowed>true</nullsAllowed>
<useDomainConstraints>false</useDomainConstraints>
<use>1</use>
<logicalDatatype>LOGDT019</logicalDatatype>
<dataTypePrecision>5</dataTypePrecision>
<ownDataTypeParameters>,5,</ownDataTypeParameters>
<autoIncrementCycle>false</autoIncrementCycle>
</Column>
<Column name="prescription_drug_cost" id="078DEF7D-EFE4-5D10-EF58-33A1D18B1CB5">
<createdBy>gtan0021</createdBy>
<createdTime>2021-04-27 09:16:37 UTC</createdTime>
<commentInRDBMS><![CDATA[prescription final drug cost  (may been modified by vet)]]></commentInRDBMS>
<generatorID>AB2BF967-46B5-E14F-BE79-328A8D1E2132</generatorID>
<ownerDesignName>animaldoctor</ownerDesignName>
<useDomainConstraints>false</useDomainConstraints>
<use>1</use>
<logicalDatatype>LOGDT019</logicalDatatype>
<dataTypePrecision>6</dataTypePrecision>
<dataTypeScale>2</dataTypeScale>
<ownDataTypeParameters>,6,2</ownDataTypeParameters>
<autoIncrementCycle>false</autoIncrementCycle>
</Column>
<Column name="prescription_drug_dose" id="F262395C-7BB4-7A7A-A458-17E9D5CE984F">
<createdBy>gtan0021</createdBy>
<createdTime>2021-04-27 09:16:37 UTC</createdTime>
<commentInRDBMS><![CDATA[prescription drug dose]]></commentInRDBMS>
<generatorID>B54D2E33-566B-7D1E-8D04-7D93F9CA7C89</generatorID>
<ownerDesignName>animaldoctor</ownerDesignName>
<useDomainConstraints>false</useDomainConstraints>
<use>1</use>
<logicalDatatype>LOGDT024</logicalDatatype>
<dataTypeSize>20</dataTypeSize>
<ownDataTypeParameters>20,,</ownDataTypeParameters>
<autoIncrementCycle>false</autoIncrementCycle>
</Column>
<Column name="prescription_freq_admin" id="3080E69E-0B48-9CC9-BB7E-B0F196DFEF71">
<createdBy>gtan0021</createdBy>
<createdTime>2021-04-27 09:16:37 UTC</createdTime>
<commentInRDBMS><![CDATA[prescription frequency administration]]></commentInRDBMS>
<generatorID>005A7AC8-F4E5-E346-2115-097670F5B235</generatorID>
<ownerDesignName>animaldoctor</ownerDesignName>
<useDomainConstraints>false</useDomainConstraints>
<use>1</use>
<logicalDatatype>LOGDT024</logicalDatatype>
<dataTypeSize>50</dataTypeSize>
<ownDataTypeParameters>50,,</ownDataTypeParameters>
<autoIncrementCycle>false</autoIncrementCycle>
</Column>
</columns>
<indexes itemClass="oracle.dbtools.crest.model.design.relational.Index">
<ind_PK_UK id="1CD75D28-7330-DC1B-CD0F-1A03225CB922" name="PRESCRIPTION_PK">
<createdBy>gtan0021</createdBy>
<createdTime>2021-04-27 09:16:37 UTC</createdTime>
<generatorID>F3A2BC79-C1D6-B7A9-8D63-C7194A0A01CB</generatorID>
<ownerDesignName>animaldoctor</ownerDesignName>
<pk>true</pk>
<indexState>Primary Constraint</indexState>
<isSurrogateKey>false</isSurrogateKey>
<indexColumnUsage>
<colUsage columnID="C207C4CC-548A-BEE7-EDE9-938981031D08"/>
<colUsage columnID="AF871B20-6312-5F52-8596-1A647F8A6764"/>
</indexColumnUsage>
</ind_PK_UK>
<ind_PK_UK id="2F353E27-18C5-8221-CB99-CC97459EBABA" name="DRUG_PRESCRIPTION">
<createdBy>gtan0021</createdBy>
<createdTime>2021-04-27 09:16:37 UTC</createdTime>
<generatorID>829EB903-B872-67EB-2E9E-9766551D7412</generatorID>
<ownerDesignName>animaldoctor</ownerDesignName>
<indexState>Foreign Key</indexState>
<isSurrogateKey>false</isSurrogateKey>
<indexColumnUsage>
<colUsage columnID="C207C4CC-548A-BEE7-EDE9-938981031D08"/>
</indexColumnUsage>
</ind_PK_UK>
<ind_PK_UK id="C2A560FA-0003-ECFB-2D8F-20B81D1E5A81" name="VISIT_PRESCRIPTION">
<createdBy>gtan0021</createdBy>
<createdTime>2021-04-27 09:16:37 UTC</createdTime>
<generatorID>D0203947-B01F-C152-BC9F-147A8D486E9E</generatorID>
<ownerDesignName>animaldoctor</ownerDesignName>
<indexState>Foreign Key</indexState>
<isSurrogateKey>false</isSurrogateKey>
<indexColumnUsage>
<colUsage columnID="AF871B20-6312-5F52-8596-1A647F8A6764"/>
</indexColumnUsage>
</ind_PK_UK>
</indexes>
</Table>
