<?xml version = '1.0' encoding = 'UTF-8'?>
<Table class="oracle.dbtools.crest.model.design.relational.Table" directorySegmentName="seg_0" id="F9E65541-C45D-9227-B3C4-BA73267B8193" name="VISIT">
<createdBy>gtan0021</createdBy>
<createdTime>2021-04-27 09:16:37 UTC</createdTime>
<generatorID>ED857386-F631-EC09-D0B4-F6723A07BBBF</generatorID>
<ownerDesignName>animaldoctor</ownerDesignName>
<allowColumnReorder>false</allowColumnReorder>
<existDependencyGenerateInDDl>true</existDependencyGenerateInDDl>
<parsed>true</parsed>
<columns itemClass="oracle.dbtools.crest.model.design.relational.Column">
<Column name="visit_id" id="AEF87DB7-63DC-3DA7-19B3-38B991F23D55">
<createdBy>gtan0021</createdBy>
<createdTime>2021-04-27 09:16:37 UTC</createdTime>
<commentInRDBMS><![CDATA[surrgoate visit id]]></commentInRDBMS>
<generatorID>BDE1A60D-1CC9-D2F4-B2BD-9EF0C27B6E2B</generatorID>
<ownerDesignName>animaldoctor</ownerDesignName>
<useDomainConstraints>false</useDomainConstraints>
<use>1</use>
<logicalDatatype>LOGDT019</logicalDatatype>
<dataTypePrecision>7</dataTypePrecision>
<ownDataTypeParameters>,7,</ownDataTypeParameters>
<autoIncrementCycle>false</autoIncrementCycle>
</Column>
<Column name="visit_datetime" id="D59794C9-9491-FE07-9EA7-604A2D54EFD0">
<createdBy>gtan0021</createdBy>
<createdTime>2021-04-27 09:16:37 UTC</createdTime>
<commentInRDBMS><![CDATA[visit datetime]]></commentInRDBMS>
<generatorID>CB9E8959-4725-CF33-8231-CEFB0860E9C0</generatorID>
<ownerDesignName>animaldoctor</ownerDesignName>
<useDomainConstraints>false</useDomainConstraints>
<use>1</use>
<logicalDatatype>LOGDT007</logicalDatatype>
<ownDataTypeParameters>,,</ownDataTypeParameters>
<autoIncrementCycle>false</autoIncrementCycle>
</Column>
<Column name="visit_total_amount" id="C4B73F53-2C0A-A9AD-ADE8-7581756FB224">
<createdBy>gtan0021</createdBy>
<createdTime>2021-04-27 09:16:37 UTC</createdTime>
<commentInRDBMS><![CDATA[visit total amount paid]]></commentInRDBMS>
<generatorID>64481E29-794E-BD0F-CEE0-CF904B6C6E1B</generatorID>
<ownerDesignName>animaldoctor</ownerDesignName>
<useDomainConstraints>false</useDomainConstraints>
<use>1</use>
<logicalDatatype>LOGDT019</logicalDatatype>
<dataTypePrecision>7</dataTypePrecision>
<dataTypeScale>2</dataTypeScale>
<ownDataTypeParameters>,7,2</ownDataTypeParameters>
<autoIncrementCycle>false</autoIncrementCycle>
</Column>
<Column name="visit_paidby" id="A8C8C574-46F4-3132-EE3E-0F7B4F963BF8">
<createdBy>gtan0021</createdBy>
<createdTime>2021-04-27 09:16:37 UTC</createdTime>
<commentInRDBMS><![CDATA[visit paid by method (C/E)]]></commentInRDBMS>
<generatorID>69462414-FBEE-7954-F976-A8570304BE0F</generatorID>
<ownerDesignName>animaldoctor</ownerDesignName>
<constraintName>chk_visit_paidby</constraintName>
<useDomainConstraints>false</useDomainConstraints>
<use>1</use>
<logicalDatatype>LOGDT025</logicalDatatype>
<dataTypeSize>1</dataTypeSize>
<listOfValues>
<valueDef value="C" description="Visit paid by Cash"/>
<valueDef value="E" description="Visit paid by EFT"/>
</listOfValues>
<ownDataTypeParameters>1,,</ownDataTypeParameters>
<autoIncrementCycle>false</autoIncrementCycle>
</Column>
<Column name="visit_length" id="E8B48A63-31C8-DBF2-17B9-0103EE45E850">
<createdBy>gtan0021</createdBy>
<createdTime>2021-04-27 09:16:37 UTC</createdTime>
<commentInRDBMS><![CDATA[visit length]]></commentInRDBMS>
<generatorID>B8C0EC3B-55C0-B8BC-26A1-04D47D24AB11</generatorID>
<ownerDesignName>animaldoctor</ownerDesignName>
<useDomainConstraints>false</useDomainConstraints>
<use>1</use>
<logicalDatatype>LOGDT024</logicalDatatype>
<dataTypeSize>30</dataTypeSize>
<ownDataTypeParameters>30,,</ownDataTypeParameters>
<autoIncrementCycle>false</autoIncrementCycle>
</Column>
<Column name="visit_condition_notes" id="238EDD05-4455-674A-E36A-B9C4AECD5970">
<createdBy>gtan0021</createdBy>
<createdTime>2021-04-27 09:16:37 UTC</createdTime>
<commentInRDBMS><![CDATA[visit condition notes]]></commentInRDBMS>
<generatorID>CEE4AF3F-8206-4A65-57B4-56594BC87B9E</generatorID>
<ownerDesignName>animaldoctor</ownerDesignName>
<useDomainConstraints>false</useDomainConstraints>
<use>1</use>
<logicalDatatype>LOGDT024</logicalDatatype>
<dataTypeSize>100</dataTypeSize>
<ownDataTypeParameters>100,,</ownDataTypeParameters>
<autoIncrementCycle>false</autoIncrementCycle>
</Column>
<Column name="vet_id" id="6BF87357-063B-ADAB-EDE1-0CE048903764">
<createdBy>gtan0021</createdBy>
<createdTime>2021-04-27 09:16:37 UTC</createdTime>
<commentInRDBMS><![CDATA[vet id]]></commentInRDBMS>
<generatorID>B7240BCA-4424-E8D2-4BB1-980D89BD20F9</generatorID>
<ownerDesignName>animaldoctor</ownerDesignName>
<useDomainConstraints>false</useDomainConstraints>
<use>1</use>
<logicalDatatype>LOGDT019</logicalDatatype>
<dataTypePrecision>7</dataTypePrecision>
<ownDataTypeParameters>,,</ownDataTypeParameters>
<previousColumn>false</previousColumn>
<autoIncrementCycle>false</autoIncrementCycle>
<associations>
<colAssociation fkAssociation="0AFFCEFE-D566-1C28-01EA-DCC3D96D2426" referredColumn="06602276-C9C8-5448-4C21-941F52D22CB8"/>
</associations>
</Column>
<Column name="animal_id" id="3FDE1EEF-AF80-3431-3052-CD2D86FD626A">
<createdBy>gtan0021</createdBy>
<createdTime>2021-04-27 09:16:37 UTC</createdTime>
<commentInRDBMS><![CDATA[animal id]]></commentInRDBMS>
<generatorID>17E96338-B399-917E-25BB-E18803FA422B</generatorID>
<ownerDesignName>animaldoctor</ownerDesignName>
<useDomainConstraints>false</useDomainConstraints>
<use>1</use>
<logicalDatatype>LOGDT019</logicalDatatype>
<dataTypePrecision>7</dataTypePrecision>
<ownDataTypeParameters>,,</ownDataTypeParameters>
<previousColumn>false</previousColumn>
<autoIncrementCycle>false</autoIncrementCycle>
<associations>
<colAssociation fkAssociation="D343CCB7-1821-C151-FE88-D3C309A66BEA" referredColumn="D1F6FFC5-8C3A-9590-0F1D-D8DF3E31E845"/>
</associations>
</Column>
<Column name="clinic_id" id="DAABB432-F195-4DD3-FBB6-6CDEDAD3CAC7">
<createdBy>gtan0021</createdBy>
<createdTime>2021-04-27 09:16:37 UTC</createdTime>
<commentInRDBMS><![CDATA[clinic id]]></commentInRDBMS>
<generatorID>9ABB3CBD-BC37-2854-BDDB-7AA1762C8F80</generatorID>
<ownerDesignName>animaldoctor</ownerDesignName>
<useDomainConstraints>false</useDomainConstraints>
<use>1</use>
<logicalDatatype>LOGDT019</logicalDatatype>
<dataTypePrecision>10</dataTypePrecision>
<ownDataTypeParameters>,,</ownDataTypeParameters>
<previousColumn>false</previousColumn>
<autoIncrementCycle>false</autoIncrementCycle>
<associations>
<colAssociation fkAssociation="70C1E2A7-707F-E1B1-5E9E-045F6973BBDF" referredColumn="29F42E75-02CC-01EF-9B46-157CAB9D55CE"/>
</associations>
</Column>
<Column name="visit_id_follow_up" id="E8E350F8-5A51-7DDE-6A4B-776B3507549B">
<createdBy>gtan0021</createdBy>
<createdTime>2021-04-27 09:16:37 UTC</createdTime>
<commentInRDBMS><![CDATA[surrgoate visit id]]></commentInRDBMS>
<generatorID>17C50A9A-07BF-18F2-D189-B21A30640C14</generatorID>
<ownerDesignName>animaldoctor</ownerDesignName>
<nullsAllowed>true</nullsAllowed>
<useDomainConstraints>false</useDomainConstraints>
<use>1</use>
<logicalDatatype>LOGDT019</logicalDatatype>
<dataTypePrecision>7</dataTypePrecision>
<ownDataTypeParameters>,,</ownDataTypeParameters>
<previousColumn>false</previousColumn>
<autoIncrementCycle>false</autoIncrementCycle>
<associations>
<colAssociation fkAssociation="55A92351-DF10-502F-FC03-CC9A78364A68" referredColumn="AEF87DB7-63DC-3DA7-19B3-38B991F23D55"/>
</associations>
</Column>
</columns>
<indexes itemClass="oracle.dbtools.crest.model.design.relational.Index">
<ind_PK_UK id="2DDD88AA-9D52-48DF-E996-F093546BAE2F" name="VISIT_PK">
<createdBy>gtan0021</createdBy>
<createdTime>2021-04-27 09:16:37 UTC</createdTime>
<generatorID>85F433E6-86A1-96DA-287A-CDE6C9C82FF2</generatorID>
<ownerDesignName>animaldoctor</ownerDesignName>
<pk>true</pk>
<indexState>Primary Constraint</indexState>
<isSurrogateKey>false</isSurrogateKey>
<indexColumnUsage>
<colUsage columnID="AEF87DB7-63DC-3DA7-19B3-38B991F23D55"/>
</indexColumnUsage>
</ind_PK_UK>
<ind_PK_UK id="83CC3DAB-40D9-7B00-AA8A-D8F413B162C9" name="un_vet_id_visit_datetime">
<createdBy>gtan0021</createdBy>
<createdTime>2021-04-27 09:16:37 UTC</createdTime>
<generatorID>B306D307-1E45-B045-9DFD-5D258984A10F</generatorID>
<ownerDesignName>animaldoctor</ownerDesignName>
<indexState>Unique Constraint</indexState>
<isSurrogateKey>false</isSurrogateKey>
<indexColumnUsage>
<colUsage columnID="D59794C9-9491-FE07-9EA7-604A2D54EFD0"/>
<colUsage columnID="6BF87357-063B-ADAB-EDE1-0CE048903764"/>
</indexColumnUsage>
</ind_PK_UK>
<ind_PK_UK id="50451FEE-76E6-9FDA-F518-38733623E8A8" name="ANIMAL_VISIT">
<createdBy>gtan0021</createdBy>
<createdTime>2021-04-27 09:16:37 UTC</createdTime>
<generatorID>325B17DF-ACCB-F620-0C61-3172EC73FCE2</generatorID>
<ownerDesignName>animaldoctor</ownerDesignName>
<indexState>Foreign Key</indexState>
<isSurrogateKey>false</isSurrogateKey>
<indexColumnUsage>
<colUsage columnID="3FDE1EEF-AF80-3431-3052-CD2D86FD626A"/>
</indexColumnUsage>
</ind_PK_UK>
<ind_PK_UK id="BABC12E0-3D4E-9BD0-8F28-BB522A37E1D9" name="CLINIC_VISIT">
<createdBy>gtan0021</createdBy>
<createdTime>2021-04-27 09:16:37 UTC</createdTime>
<generatorID>A18E4BA0-50C0-F88E-9429-68F3DE646D61</generatorID>
<ownerDesignName>animaldoctor</ownerDesignName>
<indexState>Foreign Key</indexState>
<isSurrogateKey>false</isSurrogateKey>
<indexColumnUsage>
<colUsage columnID="DAABB432-F195-4DD3-FBB6-6CDEDAD3CAC7"/>
</indexColumnUsage>
</ind_PK_UK>
<ind_PK_UK id="C060414D-7111-CE0B-03C1-3C9C912F85BF" name="VET_VISIT">
<createdBy>gtan0021</createdBy>
<createdTime>2021-04-27 09:16:37 UTC</createdTime>
<generatorID>4001D751-E98F-CEC2-5EDF-2DAD85945D2A</generatorID>
<ownerDesignName>animaldoctor</ownerDesignName>
<indexState>Foreign Key</indexState>
<isSurrogateKey>false</isSurrogateKey>
<indexColumnUsage>
<colUsage columnID="6BF87357-063B-ADAB-EDE1-0CE048903764"/>
</indexColumnUsage>
</ind_PK_UK>
<ind_PK_UK id="667067BE-4321-3E49-AE00-8C90F6FC11BB" name="VISIT_VISIT_GENERATE_FOLLOW_UP">
<createdBy>gtan0021</createdBy>
<createdTime>2021-04-27 09:16:37 UTC</createdTime>
<generatorID>393C92E2-C5B4-2CD9-9BD2-C21D4FCA33EB</generatorID>
<ownerDesignName>animaldoctor</ownerDesignName>
<indexState>Foreign Key</indexState>
<isSurrogateKey>false</isSurrogateKey>
<indexColumnUsage>
<colUsage columnID="E8E350F8-5A51-7DDE-6A4B-776B3507549B"/>
</indexColumnUsage>
</ind_PK_UK>
</indexes>
</Table>
