<?xml version = '1.0' encoding = 'UTF-8'?>
<Table class="oracle.dbtools.crest.model.design.relational.Table" directorySegmentName="seg_0" id="FDAD34A0-28A5-D0D4-A62C-817D916AB95D" name="VET">
<createdBy>gtan0021</createdBy>
<createdTime>2021-04-27 09:16:37 UTC</createdTime>
<generatorID>809E4E74-5C79-FE1D-B2B1-17A5BE2B12C5</generatorID>
<ownerDesignName>animaldoctor</ownerDesignName>
<allowColumnReorder>false</allowColumnReorder>
<existDependencyGenerateInDDl>true</existDependencyGenerateInDDl>
<parsed>true</parsed>
<columns itemClass="oracle.dbtools.crest.model.design.relational.Column">
<Column name="vet_id" id="06602276-C9C8-5448-4C21-941F52D22CB8">
<createdBy>gtan0021</createdBy>
<createdTime>2021-04-27 09:16:37 UTC</createdTime>
<commentInRDBMS><![CDATA[vet id]]></commentInRDBMS>
<generatorID>CC3743C6-B8BF-4B2F-D517-F7ED4CECCA32</generatorID>
<ownerDesignName>animaldoctor</ownerDesignName>
<useDomainConstraints>false</useDomainConstraints>
<use>1</use>
<logicalDatatype>LOGDT019</logicalDatatype>
<dataTypePrecision>7</dataTypePrecision>
<ownDataTypeParameters>,7,</ownDataTypeParameters>
<autoIncrementCycle>false</autoIncrementCycle>
</Column>
<Column name="vet_title" id="70496B9F-EFC4-7BF9-F512-7B94536A4358">
<createdBy>gtan0021</createdBy>
<createdTime>2021-04-27 09:16:37 UTC</createdTime>
<commentInRDBMS><![CDATA[vet title ]]></commentInRDBMS>
<generatorID>F86FB9BB-26F4-DD56-E353-BB1924FEE9BC</generatorID>
<ownerDesignName>animaldoctor</ownerDesignName>
<useDomainConstraints>false</useDomainConstraints>
<use>1</use>
<logicalDatatype>LOGDT024</logicalDatatype>
<dataTypeSize>10</dataTypeSize>
<ownDataTypeParameters>10,,</ownDataTypeParameters>
<autoIncrementCycle>false</autoIncrementCycle>
</Column>
<Column name="vet_givname" id="F3E63CD7-4085-5E66-436F-59C5D3030897">
<createdBy>gtan0021</createdBy>
<createdTime>2021-04-27 09:16:37 UTC</createdTime>
<commentInRDBMS><![CDATA[vet given name]]></commentInRDBMS>
<generatorID>6BE57B19-BEBA-7011-C77E-5FA6DD0B83F9</generatorID>
<ownerDesignName>animaldoctor</ownerDesignName>
<useDomainConstraints>false</useDomainConstraints>
<use>1</use>
<logicalDatatype>LOGDT024</logicalDatatype>
<dataTypeSize>50</dataTypeSize>
<ownDataTypeParameters>50,,</ownDataTypeParameters>
<autoIncrementCycle>false</autoIncrementCycle>
</Column>
<Column name="vet_famname" id="680AB376-F168-4A49-4464-8D46175A28CA">
<createdBy>gtan0021</createdBy>
<createdTime>2021-04-27 09:16:37 UTC</createdTime>
<commentInRDBMS><![CDATA[vet family name]]></commentInRDBMS>
<generatorID>76A1F72E-4C03-DE59-E4B5-20DF5816DA24</generatorID>
<ownerDesignName>animaldoctor</ownerDesignName>
<useDomainConstraints>false</useDomainConstraints>
<use>1</use>
<logicalDatatype>LOGDT024</logicalDatatype>
<dataTypeSize>50</dataTypeSize>
<ownDataTypeParameters>50,,</ownDataTypeParameters>
<autoIncrementCycle>false</autoIncrementCycle>
</Column>
<Column name="vet_phoneno" id="E7FDA7A8-C54D-BAF6-E76E-BA08D4E2BD39">
<createdBy>gtan0021</createdBy>
<createdTime>2021-04-27 09:16:37 UTC</createdTime>
<commentInRDBMS><![CDATA[vet phone number]]></commentInRDBMS>
<generatorID>F2E9BD40-9CBF-9BAA-6A19-165B5FC73CD1</generatorID>
<ownerDesignName>animaldoctor</ownerDesignName>
<useDomainConstraints>false</useDomainConstraints>
<use>1</use>
<logicalDatatype>LOGDT025</logicalDatatype>
<dataTypeSize>10</dataTypeSize>
<ownDataTypeParameters>10,,</ownDataTypeParameters>
<autoIncrementCycle>false</autoIncrementCycle>
</Column>
<Column name="vet_date_employed" id="EB985D06-5515-7502-3338-457DD0079D52">
<createdBy>gtan0021</createdBy>
<createdTime>2021-04-27 09:16:37 UTC</createdTime>
<commentInRDBMS><![CDATA[vet date employed]]></commentInRDBMS>
<generatorID>D98C9E49-0143-4A92-4B74-4329118FAFFE</generatorID>
<ownerDesignName>animaldoctor</ownerDesignName>
<useDomainConstraints>false</useDomainConstraints>
<use>1</use>
<logicalDatatype>LOGDT007</logicalDatatype>
<ownDataTypeParameters>,,</ownDataTypeParameters>
<autoIncrementCycle>false</autoIncrementCycle>
</Column>
<Column name="clinic_id" id="5602A2A9-CAA7-D50C-EA6E-DD81064A878F">
<createdBy>gtan0021</createdBy>
<createdTime>2021-04-27 09:16:37 UTC</createdTime>
<commentInRDBMS><![CDATA[clinic id]]></commentInRDBMS>
<generatorID>0F6CB403-3CC8-D0F3-8393-B985EFD7A9CE</generatorID>
<ownerDesignName>animaldoctor</ownerDesignName>
<useDomainConstraints>false</useDomainConstraints>
<use>1</use>
<logicalDatatype>LOGDT019</logicalDatatype>
<dataTypePrecision>10</dataTypePrecision>
<ownDataTypeParameters>,,</ownDataTypeParameters>
<previousColumn>false</previousColumn>
<autoIncrementCycle>false</autoIncrementCycle>
<associations>
<colAssociation fkAssociation="3EDF52CA-639F-497C-0C44-6043A2B35190" referredColumn="29F42E75-02CC-01EF-9B46-157CAB9D55CE"/>
</associations>
</Column>
<Column name="vspecial_area_id" id="2E0A00AA-C78E-EB5F-1826-3430A7048212">
<createdBy>gtan0021</createdBy>
<createdTime>2021-04-27 09:16:37 UTC</createdTime>
<commentInRDBMS><![CDATA[vet specialised area id]]></commentInRDBMS>
<generatorID>868A95B1-49F8-55CA-DBE7-B7776D3775BE</generatorID>
<ownerDesignName>animaldoctor</ownerDesignName>
<nullsAllowed>true</nullsAllowed>
<useDomainConstraints>false</useDomainConstraints>
<use>1</use>
<logicalDatatype>LOGDT019</logicalDatatype>
<dataTypePrecision>7</dataTypePrecision>
<ownDataTypeParameters>,,</ownDataTypeParameters>
<previousColumn>false</previousColumn>
<autoIncrementCycle>false</autoIncrementCycle>
<associations>
<colAssociation fkAssociation="F171D25F-42A1-34FC-985E-0DC5C2B6DA7C" referredColumn="5B5058BF-59F3-BDBD-5645-2F848802D5B7"/>
</associations>
</Column>
</columns>
<indexes itemClass="oracle.dbtools.crest.model.design.relational.Index">
<ind_PK_UK id="72D89AFE-BDFB-53DD-D909-AC60CD9CDCA7" name="VET_PK">
<createdBy>gtan0021</createdBy>
<createdTime>2021-04-27 09:16:37 UTC</createdTime>
<generatorID>71ADDDE0-ABC7-3C32-757C-9664A6F93FA6</generatorID>
<ownerDesignName>animaldoctor</ownerDesignName>
<pk>true</pk>
<indexState>Primary Constraint</indexState>
<isSurrogateKey>false</isSurrogateKey>
<indexColumnUsage>
<colUsage columnID="06602276-C9C8-5448-4C21-941F52D22CB8"/>
</indexColumnUsage>
</ind_PK_UK>
<ind_PK_UK id="2DAA4438-6FEC-87C7-AE93-3F1C24F386FF" name="CLINIC_VET_ASSIGNS">
<createdBy>gtan0021</createdBy>
<createdTime>2021-04-27 09:16:37 UTC</createdTime>
<generatorID>D1DC0904-DEFE-4064-AFBB-076B50F2C7FA</generatorID>
<ownerDesignName>animaldoctor</ownerDesignName>
<indexState>Foreign Key</indexState>
<isSurrogateKey>false</isSurrogateKey>
<indexColumnUsage>
<colUsage columnID="5602A2A9-CAA7-D50C-EA6E-DD81064A878F"/>
</indexColumnUsage>
</ind_PK_UK>
<ind_PK_UK id="27BCC07A-E939-EB77-CC5F-2401A1B605D7" name="VET_SPECIALIA\SATION_VET">
<createdBy>gtan0021</createdBy>
<createdTime>2021-04-27 09:16:37 UTC</createdTime>
<generatorID>F48D987D-7AC2-D47A-DA0C-CDA7378EACA5</generatorID>
<ownerDesignName>animaldoctor</ownerDesignName>
<indexState>Foreign Key</indexState>
<isSurrogateKey>false</isSurrogateKey>
<indexColumnUsage>
<colUsage columnID="2E0A00AA-C78E-EB5F-1826-3430A7048212"/>
</indexColumnUsage>
</ind_PK_UK>
</indexes>
</Table>
