<?xml version = '1.0' encoding = 'UTF-8'?>
<FKIndexAssociation class="oracle.dbtools.crest.model.design.relational.FKIndexAssociation" directorySegmentName="seg_0" id="0AFFCEFE-D566-1C28-01EA-DCC3D96D2426" containerWithKeyObject="F9E65541-C45D-9227-B3C4-BA73267B8193" localFKIndex="C060414D-7111-CE0B-03C1-3C9C912F85BF" name="VET_VISIT">
<createdBy>gtan0021</createdBy>
<createdTime>2021-04-27 09:16:37 UTC</createdTime>
<generatorID>4001D751-E98F-CEC2-5EDF-2DAD85945D2A</generatorID>
<ownerDesignName>animaldoctor</ownerDesignName>
<referredTableLongName>VET</referredTableLongName>
<deleteRule>NO ACTION</deleteRule>
<referredTableID>FDAD34A0-28A5-D0D4-A62C-817D916AB95D</referredTableID>
<keyObject>72D89AFE-BDFB-53DD-D909-AC60CD9CDCA7</keyObject>
<referredKeyID>72D89AFE-BDFB-53DD-D909-AC60CD9CDCA7</referredKeyID>
<mandatory>true</mandatory>
<refColNames>vet_id</refColNames>
<transferable>true</transferable>
<rely>false</rely>
<columnDependencyConstraintGenerateInDDL>true</columnDependencyConstraintGenerateInDDL>
</FKIndexAssociation>
