<?xml version = '1.0' encoding = 'UTF-8'?>
<FKIndexAssociation class="oracle.dbtools.crest.model.design.relational.FKIndexAssociation" directorySegmentName="seg_0" id="11FEE687-78D5-7CE6-C533-05FF1A6A9B05" containerWithKeyObject="31C76C09-D3AF-AAD4-BAAE-5B109EF69B71" localFKIndex="487AAD45-0B65-1657-C07C-0AC614BE69EF" name="CLINIC_ROVE">
<createdBy>gtan0021</createdBy>
<createdTime>2021-04-27 09:16:37 UTC</createdTime>
<generatorID>2D8D8DB0-157B-4BC5-10C1-28E0ACA896B0</generatorID>
<ownerDesignName>animaldoctor</ownerDesignName>
<referredTableLongName>CLINIC</referredTableLongName>
<deleteRule>NO ACTION</deleteRule>
<referredTableID>A62D7A99-6C3B-99FC-6A65-44EFD07D04CB</referredTableID>
<keyObject>80058911-001B-3C1E-2E7A-ED5AA5A78F6E</keyObject>
<referredKeyID>80058911-001B-3C1E-2E7A-ED5AA5A78F6E</referredKeyID>
<mandatory>true</mandatory>
<refColNames>clinic_id</refColNames>
<transferable>true</transferable>
<rely>false</rely>
<columnDependencyConstraintGenerateInDDL>true</columnDependencyConstraintGenerateInDDL>
</FKIndexAssociation>
