<?xml version = '1.0' encoding = 'UTF-8'?>
<FKIndexAssociation class="oracle.dbtools.crest.model.design.relational.FKIndexAssociation" directorySegmentName="seg_0" id="210A6063-9E42-BB6A-E8D9-0A16911B8497" containerWithKeyObject="E9F89668-2FC9-C1F7-733F-818DEEBB7CA4" localFKIndex="C2A560FA-0003-ECFB-2D8F-20B81D1E5A81" name="VISIT_PRESCRIPTION">
<createdBy>gtan0021</createdBy>
<createdTime>2021-04-27 09:16:37 UTC</createdTime>
<generatorID>D0203947-B01F-C152-BC9F-147A8D486E9E</generatorID>
<ownerDesignName>animaldoctor</ownerDesignName>
<referredTableLongName>VISIT</referredTableLongName>
<deleteRule>NO ACTION</deleteRule>
<referredTableID>F9E65541-C45D-9227-B3C4-BA73267B8193</referredTableID>
<keyObject>2DDD88AA-9D52-48DF-E996-F093546BAE2F</keyObject>
<referredKeyID>2DDD88AA-9D52-48DF-E996-F093546BAE2F</referredKeyID>
<mandatory>true</mandatory>
<refColNames>visit_id</refColNames>
<transferable>true</transferable>
<rely>false</rely>
<columnDependencyConstraintGenerateInDDL>true</columnDependencyConstraintGenerateInDDL>
</FKIndexAssociation>
