<?xml version = '1.0' encoding = 'UTF-8'?>
<FKIndexAssociation class="oracle.dbtools.crest.model.design.relational.FKIndexAssociation" directorySegmentName="seg_0" id="3EDF52CA-639F-497C-0C44-6043A2B35190" containerWithKeyObject="FDAD34A0-28A5-D0D4-A62C-817D916AB95D" localFKIndex="2DAA4438-6FEC-87C7-AE93-3F1C24F386FF" name="CLINIC_VET_ASSIGNS">
<createdBy>gtan0021</createdBy>
<createdTime>2021-04-27 09:16:37 UTC</createdTime>
<generatorID>D1DC0904-DEFE-4064-AFBB-076B50F2C7FA</generatorID>
<ownerDesignName>animaldoctor</ownerDesignName>
<referredTableLongName>CLINIC</referredTableLongName>
<deleteRule>NO ACTION</deleteRule>
<referredTableID>A62D7A99-6C3B-99FC-6A65-44EFD07D04CB</referredTableID>
<keyObject>80058911-001B-3C1E-2E7A-ED5AA5A78F6E</keyObject>
<referredKeyID>80058911-001B-3C1E-2E7A-ED5AA5A78F6E</referredKeyID>
<mandatory>true</mandatory>
<refColNames>clinic_id</refColNames>
<transferable>true</transferable>
<rely>false</rely>
<columnDependencyConstraintGenerateInDDL>true</columnDependencyConstraintGenerateInDDL>
</FKIndexAssociation>
