<?xml version = '1.0' encoding = 'UTF-8'?>
<FKIndexAssociation class="oracle.dbtools.crest.model.design.relational.FKIndexAssociation" directorySegmentName="seg_0" id="4A6E0FE9-CE62-384F-6696-2BEADF762637" containerWithKeyObject="1E7B0DFF-1208-F7B8-CC6A-C862A0F00473" localFKIndex="C9778B49-6014-9066-2A03-CAF9E9D0E3CB" name="ANIMAL_TYPE_ANIMAL">
<createdBy>gtan0021</createdBy>
<createdTime>2021-04-27 09:16:37 UTC</createdTime>
<generatorID>19D48CF5-951F-CBCB-8DB9-0A25C3477D6D</generatorID>
<ownerDesignName>animaldoctor</ownerDesignName>
<referredTableLongName>ANIMAL_TYPE</referredTableLongName>
<deleteRule>NO ACTION</deleteRule>
<referredTableID>2A6F9AC2-5D33-8EF5-73AC-AF45E155BD0B</referredTableID>
<keyObject>B80C1CAF-8929-6DDB-3929-F8E6301FD5DA</keyObject>
<referredKeyID>B80C1CAF-8929-6DDB-3929-F8E6301FD5DA</referredKeyID>
<mandatory>true</mandatory>
<refColNames>atype_id</refColNames>
<transferable>true</transferable>
<rely>false</rely>
<columnDependencyConstraintGenerateInDDL>true</columnDependencyConstraintGenerateInDDL>
</FKIndexAssociation>
