<?xml version = '1.0' encoding = 'UTF-8'?>
<FKIndexAssociation class="oracle.dbtools.crest.model.design.relational.FKIndexAssociation" directorySegmentName="seg_0" id="55A92351-DF10-502F-FC03-CC9A78364A68" containerWithKeyObject="F9E65541-C45D-9227-B3C4-BA73267B8193" localFKIndex="667067BE-4321-3E49-AE00-8C90F6FC11BB" name="VISIT_VISIT_GENERATE_FOLLOW_UP">
<createdBy>gtan0021</createdBy>
<createdTime>2021-04-27 09:16:37 UTC</createdTime>
<generatorID>393C92E2-C5B4-2CD9-9BD2-C21D4FCA33EB</generatorID>
<ownerDesignName>animaldoctor</ownerDesignName>
<referredTableLongName>VISIT</referredTableLongName>
<deleteRule>NO ACTION</deleteRule>
<referredTableID>F9E65541-C45D-9227-B3C4-BA73267B8193</referredTableID>
<keyObject>2DDD88AA-9D52-48DF-E996-F093546BAE2F</keyObject>
<referredKeyID>2DDD88AA-9D52-48DF-E996-F093546BAE2F</referredKeyID>
<mandatory>false</mandatory>
<refColNames>visit_id</refColNames>
<transferable>true</transferable>
<rely>false</rely>
<columnDependencyConstraintGenerateInDDL>true</columnDependencyConstraintGenerateInDDL>
</FKIndexAssociation>
