<?xml version = '1.0' encoding = 'UTF-8'?>
<FKIndexAssociation class="oracle.dbtools.crest.model.design.relational.FKIndexAssociation" directorySegmentName="seg_0" id="5B7889DE-6B7F-7555-7FFF-19F233F6264D" containerWithKeyObject="A1DD5661-5E87-BB2B-369C-5B588E591CF5" localFKIndex="2B777110-6F3C-8B21-EF62-58DE83872A0A" name="SERVICE_DETAILS_SERVICE">
<createdBy>gtan0021</createdBy>
<createdTime>2021-04-27 09:16:37 UTC</createdTime>
<generatorID>5F9F4550-E871-8300-36E6-65EB5CD71401</generatorID>
<ownerDesignName>animaldoctor</ownerDesignName>
<referredTableLongName>SERVICE_DETAILS</referredTableLongName>
<deleteRule>NO ACTION</deleteRule>
<referredTableID>51FAFE07-2485-A242-2250-8AD92D0138DD</referredTableID>
<keyObject>3956C1C6-56E1-F103-4759-B57A44A7A9DA</keyObject>
<referredKeyID>3956C1C6-56E1-F103-4759-B57A44A7A9DA</referredKeyID>
<mandatory>true</mandatory>
<refColNames>service_code</refColNames>
<transferable>true</transferable>
<rely>false</rely>
<columnDependencyConstraintGenerateInDDL>true</columnDependencyConstraintGenerateInDDL>
</FKIndexAssociation>
