<?xml version = '1.0' encoding = 'UTF-8'?>
<FKIndexAssociation class="oracle.dbtools.crest.model.design.relational.FKIndexAssociation" directorySegmentName="seg_0" id="70C1E2A7-707F-E1B1-5E9E-045F6973BBDF" containerWithKeyObject="F9E65541-C45D-9227-B3C4-BA73267B8193" localFKIndex="BABC12E0-3D4E-9BD0-8F28-BB522A37E1D9" name="CLINIC_VISIT">
<createdBy>gtan0021</createdBy>
<createdTime>2021-04-27 09:16:37 UTC</createdTime>
<generatorID>A18E4BA0-50C0-F88E-9429-68F3DE646D61</generatorID>
<ownerDesignName>animaldoctor</ownerDesignName>
<referredTableLongName>CLINIC</referredTableLongName>
<deleteRule>NO ACTION</deleteRule>
<referredTableID>A62D7A99-6C3B-99FC-6A65-44EFD07D04CB</referredTableID>
<keyObject>80058911-001B-3C1E-2E7A-ED5AA5A78F6E</keyObject>
<referredKeyID>80058911-001B-3C1E-2E7A-ED5AA5A78F6E</referredKeyID>
<mandatory>true</mandatory>
<refColNames>clinic_id</refColNames>
<transferable>true</transferable>
<rely>false</rely>
<columnDependencyConstraintGenerateInDDL>true</columnDependencyConstraintGenerateInDDL>
</FKIndexAssociation>
