<?xml version = '1.0' encoding = 'UTF-8'?>
<FKIndexAssociation class="oracle.dbtools.crest.model.design.relational.FKIndexAssociation" directorySegmentName="seg_0" id="AC99B0CA-BD3A-F111-FE71-04B1E14B7C06" containerWithKeyObject="1E7B0DFF-1208-F7B8-CC6A-C862A0F00473" localFKIndex="051EF0C1-1707-CB57-1D15-9BEEF7286E90" name="OWNER_ANIMAL">
<createdBy>gtan0021</createdBy>
<createdTime>2021-04-27 09:16:37 UTC</createdTime>
<generatorID>75BA6D26-9531-7662-987A-FE97EDC353D4</generatorID>
<ownerDesignName>animaldoctor</ownerDesignName>
<referredTableLongName>OWNER</referredTableLongName>
<deleteRule>NO ACTION</deleteRule>
<referredTableID>C2D0B8C5-5C84-2DDA-28D8-72D0558FBD30</referredTableID>
<keyObject>9D986264-0DE8-1AC7-F5A8-78F965AC9F27</keyObject>
<referredKeyID>9D986264-0DE8-1AC7-F5A8-78F965AC9F27</referredKeyID>
<mandatory>true</mandatory>
<refColNames>owner_id</refColNames>
<transferable>true</transferable>
<rely>false</rely>
<columnDependencyConstraintGenerateInDDL>true</columnDependencyConstraintGenerateInDDL>
</FKIndexAssociation>
