<?xml version = '1.0' encoding = 'UTF-8'?>
<FKIndexAssociation class="oracle.dbtools.crest.model.design.relational.FKIndexAssociation" directorySegmentName="seg_0" id="BD783ABD-C0F0-5879-B91C-0E5901EBE174" containerWithKeyObject="C2D0B8C5-5C84-2DDA-28D8-72D0558FBD30" localFKIndex="28D71FCA-E4B0-2616-9DFF-71400DEFDD10" name="VET_OWNER">
<createdBy>gtan0021</createdBy>
<createdTime>2021-04-27 09:16:37 UTC</createdTime>
<generatorID>5D9172D1-4997-E867-AAF5-9EF4A974A566</generatorID>
<ownerDesignName>animaldoctor</ownerDesignName>
<referredTableLongName>VET</referredTableLongName>
<deleteRule>NO ACTION</deleteRule>
<referredTableID>FDAD34A0-28A5-D0D4-A62C-817D916AB95D</referredTableID>
<keyObject>72D89AFE-BDFB-53DD-D909-AC60CD9CDCA7</keyObject>
<referredKeyID>72D89AFE-BDFB-53DD-D909-AC60CD9CDCA7</referredKeyID>
<mandatory>true</mandatory>
<refColNames>vet_id</refColNames>
<transferable>true</transferable>
<rely>false</rely>
<columnDependencyConstraintGenerateInDDL>true</columnDependencyConstraintGenerateInDDL>
</FKIndexAssociation>
