<?xml version = '1.0' encoding = 'UTF-8'?>
<FKIndexAssociation class="oracle.dbtools.crest.model.design.relational.FKIndexAssociation" directorySegmentName="seg_0" id="C4B1E22B-FC32-1B92-16A6-4764CC71F345" containerWithKeyObject="31C76C09-D3AF-AAD4-BAAE-5B109EF69B71" localFKIndex="15CDA63A-3632-C195-0723-727D6DE548A7" name="VET_ROVE">
<createdBy>gtan0021</createdBy>
<createdTime>2021-04-27 09:16:37 UTC</createdTime>
<generatorID>4AB0A83E-2FA5-BD1D-78E3-BFB8E83711B5</generatorID>
<ownerDesignName>animaldoctor</ownerDesignName>
<referredTableLongName>VET</referredTableLongName>
<deleteRule>NO ACTION</deleteRule>
<referredTableID>FDAD34A0-28A5-D0D4-A62C-817D916AB95D</referredTableID>
<keyObject>72D89AFE-BDFB-53DD-D909-AC60CD9CDCA7</keyObject>
<referredKeyID>72D89AFE-BDFB-53DD-D909-AC60CD9CDCA7</referredKeyID>
<mandatory>true</mandatory>
<refColNames>vet_id</refColNames>
<transferable>true</transferable>
<rely>false</rely>
<columnDependencyConstraintGenerateInDDL>true</columnDependencyConstraintGenerateInDDL>
</FKIndexAssociation>
