<?xml version = '1.0' encoding = 'UTF-8'?>
<FKIndexAssociation class="oracle.dbtools.crest.model.design.relational.FKIndexAssociation" directorySegmentName="seg_0" id="D343CCB7-1821-C151-FE88-D3C309A66BEA" containerWithKeyObject="F9E65541-C45D-9227-B3C4-BA73267B8193" localFKIndex="50451FEE-76E6-9FDA-F518-38733623E8A8" name="ANIMAL_VISIT">
<createdBy>gtan0021</createdBy>
<createdTime>2021-04-27 09:16:37 UTC</createdTime>
<generatorID>325B17DF-ACCB-F620-0C61-3172EC73FCE2</generatorID>
<ownerDesignName>animaldoctor</ownerDesignName>
<referredTableLongName>ANIMAL</referredTableLongName>
<deleteRule>NO ACTION</deleteRule>
<referredTableID>1E7B0DFF-1208-F7B8-CC6A-C862A0F00473</referredTableID>
<keyObject>26393E84-9594-6BD4-A710-B8EA1E634B13</keyObject>
<referredKeyID>26393E84-9594-6BD4-A710-B8EA1E634B13</referredKeyID>
<mandatory>true</mandatory>
<refColNames>animal_id</refColNames>
<transferable>true</transferable>
<rely>false</rely>
<columnDependencyConstraintGenerateInDDL>true</columnDependencyConstraintGenerateInDDL>
</FKIndexAssociation>
