<?xml version = '1.0' encoding = 'UTF-8'?>
<FKIndexAssociation class="oracle.dbtools.crest.model.design.relational.FKIndexAssociation" directorySegmentName="seg_0" id="D626A963-F1B8-89ED-3875-338ECB3B8B3B" containerWithKeyObject="E9F89668-2FC9-C1F7-733F-818DEEBB7CA4" localFKIndex="2F353E27-18C5-8221-CB99-CC97459EBABA" name="DRUG_PRESCRIPTION">
<createdBy>gtan0021</createdBy>
<createdTime>2021-04-27 09:16:37 UTC</createdTime>
<generatorID>829EB903-B872-67EB-2E9E-9766551D7412</generatorID>
<ownerDesignName>animaldoctor</ownerDesignName>
<referredTableLongName>DRUG</referredTableLongName>
<deleteRule>NO ACTION</deleteRule>
<referredTableID>0F724463-232E-B3B0-1E45-B0811A98B19F</referredTableID>
<keyObject>F7F8BEE6-7B03-9039-8B14-A3E174711904</keyObject>
<referredKeyID>F7F8BEE6-7B03-9039-8B14-A3E174711904</referredKeyID>
<mandatory>true</mandatory>
<refColNames>drug_id</refColNames>
<transferable>true</transferable>
<rely>false</rely>
<columnDependencyConstraintGenerateInDDL>true</columnDependencyConstraintGenerateInDDL>
</FKIndexAssociation>
