<?xml version = '1.0' encoding = 'UTF-8'?>
<FKIndexAssociation class="oracle.dbtools.crest.model.design.relational.FKIndexAssociation" directorySegmentName="seg_0" id="F133CC06-D3F3-B3C6-4D79-7E64758A778F" containerWithKeyObject="A1DD5661-5E87-BB2B-369C-5B588E591CF5" localFKIndex="FA1F1C72-230F-3CDF-9A29-9EE2DE2A8D8C" name="VISIT_SERVICE">
<createdBy>gtan0021</createdBy>
<createdTime>2021-04-27 09:16:37 UTC</createdTime>
<generatorID>E8AF2432-239E-A345-ECA1-DDF44F13CF75</generatorID>
<ownerDesignName>animaldoctor</ownerDesignName>
<referredTableLongName>VISIT</referredTableLongName>
<deleteRule>NO ACTION</deleteRule>
<referredTableID>F9E65541-C45D-9227-B3C4-BA73267B8193</referredTableID>
<keyObject>2DDD88AA-9D52-48DF-E996-F093546BAE2F</keyObject>
<referredKeyID>2DDD88AA-9D52-48DF-E996-F093546BAE2F</referredKeyID>
<mandatory>true</mandatory>
<refColNames>visit_id</refColNames>
<transferable>true</transferable>
<rely>false</rely>
<columnDependencyConstraintGenerateInDDL>true</columnDependencyConstraintGenerateInDDL>
</FKIndexAssociation>
