<?xml version = '1.0' encoding = 'UTF-8'?>
<FKIndexAssociation class="oracle.dbtools.crest.model.design.relational.FKIndexAssociation" directorySegmentName="seg_0" id="F171D25F-42A1-34FC-985E-0DC5C2B6DA7C" containerWithKeyObject="FDAD34A0-28A5-D0D4-A62C-817D916AB95D" localFKIndex="27BCC07A-E939-EB77-CC5F-2401A1B605D7" name="VET_SPECIALIA\SATION_VET">
<createdBy>gtan0021</createdBy>
<createdTime>2021-04-27 09:16:37 UTC</createdTime>
<generatorID>F48D987D-7AC2-D47A-DA0C-CDA7378EACA5</generatorID>
<ownerDesignName>animaldoctor</ownerDesignName>
<referredTableLongName>VET_SPECIALISATION</referredTableLongName>
<deleteRule>NO ACTION</deleteRule>
<referredTableID>711A8A52-B3A1-268C-9179-715C30461903</referredTableID>
<keyObject>21D2C16C-3462-1492-4E1E-AEB5ED62DC0B</keyObject>
<referredKeyID>21D2C16C-3462-1492-4E1E-AEB5ED62DC0B</referredKeyID>
<mandatory>false</mandatory>
<refColNames>vspecial_area_id</refColNames>
<transferable>true</transferable>
<rely>false</rely>
<columnDependencyConstraintGenerateInDDL>true</columnDependencyConstraintGenerateInDDL>
</FKIndexAssociation>
