<?xml version = '1.0' encoding = 'UTF-8'?>
<Relation class="oracle.dbtools.crest.model.design.logical.Relation" name="ANIMAL_TYPE_ANIMAL" directorySegmentName="seg_0" id="19D48CF5-951F-CBCB-8DB9-0A25C3477D6D">
<createdBy>gtan0021</createdBy>
<createdTime>2021-04-23 08:27:36 UTC</createdTime>
<ownerDesignName>animaldoctor</ownerDesignName>
<engineerTo>
<item key="63A58022-F151-EF9A-371B-86DB2ECDA9D2" value="true"/>
</engineerTo>
<sourcePk>D4D60A78-E760-1847-D33E-B3B8EC826A37</sourcePk>
<identifying>false</identifying>
<nameOnSource>of</nameOnSource>
<nameOnTarget> </nameOnTarget>
<optionalSource>true</optionalSource>
<optionalTarget>false</optionalTarget>
<sourceCardinality>1</sourceCardinality>
<sourceEntity>D49D3125-66BE-E584-6625-3F0BBD7B9CB4</sourceEntity>
<targetCardinalityString>*</targetCardinalityString>
<targetEntity>1B70709E-A403-3106-A32C-6A53BD139D22</targetEntity>
<transferable>true</transferable>
<deleteRule>NO ACTION</deleteRule>
</Relation>
