<?xml version = '1.0' encoding = 'UTF-8'?>
<Relation class="oracle.dbtools.crest.model.design.logical.Relation" name="CLINIC_ROVE" directorySegmentName="seg_0" id="2D8D8DB0-157B-4BC5-10C1-28E0ACA896B0">
<createdBy>gtan0021</createdBy>
<createdTime>2021-04-26 04:20:28 UTC</createdTime>
<ownerDesignName>animaldoctor</ownerDesignName>
<engineerTo>
<item key="63A58022-F151-EF9A-371B-86DB2ECDA9D2" value="true"/>
</engineerTo>
<sourcePk>CFABA114-A309-B856-7B50-A199E255E7A7</sourcePk>
<identifying>true</identifying>
<nameOnSource>have</nameOnSource>
<nameOnTarget> </nameOnTarget>
<optionalSource>true</optionalSource>
<optionalTarget>false</optionalTarget>
<sourceCardinality>1</sourceCardinality>
<sourceEntity>CAFFC1E4-460A-B943-CFD2-04EF0C452D52</sourceEntity>
<targetCardinalityString>*</targetCardinalityString>
<targetEntity>ECD3A245-E15C-6399-E1B5-25C730F10F4C</targetEntity>
<transferable>true</transferable>
<deleteRule>NO ACTION</deleteRule>
</Relation>
