<?xml version = '1.0' encoding = 'UTF-8'?>
<Relation class="oracle.dbtools.crest.model.design.logical.Relation" name="ANIMAL_VISIT" directorySegmentName="seg_0" id="325B17DF-ACCB-F620-0C61-3172EC73FCE2">
<createdBy>gtan0021</createdBy>
<createdTime>2021-04-23 08:59:24 UTC</createdTime>
<ownerDesignName>animaldoctor</ownerDesignName>
<engineerTo>
<item key="63A58022-F151-EF9A-371B-86DB2ECDA9D2" value="true"/>
</engineerTo>
<sourcePk>45F268D6-8C3E-957D-7287-C2860DF2CA78</sourcePk>
<identifying>false</identifying>
<nameOnSource>attends</nameOnSource>
<nameOnTarget> </nameOnTarget>
<optionalSource>false</optionalSource>
<optionalTarget>false</optionalTarget>
<sourceCardinality>1</sourceCardinality>
<sourceEntity>1B70709E-A403-3106-A32C-6A53BD139D22</sourceEntity>
<targetCardinalityString>*</targetCardinalityString>
<targetEntity>ED857386-F631-EC09-D0B4-F6723A07BBBF</targetEntity>
<transferable>true</transferable>
<deleteRule>NO ACTION</deleteRule>
</Relation>
