<?xml version = '1.0' encoding = 'UTF-8'?>
<Relation class="oracle.dbtools.crest.model.design.logical.Relation" name="VISIT_VISIT_GENERATE_FOLLOW_UP" directorySegmentName="seg_0" id="393C92E2-C5B4-2CD9-9BD2-C21D4FCA33EB">
<createdBy>gtan0021</createdBy>
<createdTime>2021-04-23 09:08:48 UTC</createdTime>
<ownerDesignName>animaldoctor</ownerDesignName>
<engineerTo>
<item key="63A58022-F151-EF9A-371B-86DB2ECDA9D2" value="true"/>
</engineerTo>
<targetPk>85F433E6-86A1-96DA-287A-CDE6C9C82FF2</targetPk>
<identifying>false</identifying>
<nameOnSource>generate_follow_up</nameOnSource>
<nameOnTarget> </nameOnTarget>
<optionalSource>true</optionalSource>
<optionalTarget>true</optionalTarget>
<sourceCardinality>1</sourceCardinality>
<sourceEntity>ED857386-F631-EC09-D0B4-F6723A07BBBF</sourceEntity>
<targetCardinalityString>*</targetCardinalityString>
<targetEntity>ED857386-F631-EC09-D0B4-F6723A07BBBF</targetEntity>
<transferable>true</transferable>
<deleteRule>NO ACTION</deleteRule>
</Relation>
