<?xml version = '1.0' encoding = 'UTF-8'?>
<Relation class="oracle.dbtools.crest.model.design.logical.Relation" name="VET_VISIT" directorySegmentName="seg_0" id="4001D751-E98F-CEC2-5EDF-2DAD85945D2A">
<createdBy>gtan0021</createdBy>
<createdTime>2021-04-23 08:56:23 UTC</createdTime>
<ownerDesignName>animaldoctor</ownerDesignName>
<engineerTo>
<item key="63A58022-F151-EF9A-371B-86DB2ECDA9D2" value="true"/>
</engineerTo>
<sourcePk>71ADDDE0-ABC7-3C32-757C-9664A6F93FA6</sourcePk>
<identifying>false</identifying>
<nameOnSource> in_charge</nameOnSource>
<nameOnTarget> </nameOnTarget>
<optionalSource>true</optionalSource>
<optionalTarget>false</optionalTarget>
<sourceCardinality>1</sourceCardinality>
<sourceEntity>809E4E74-5C79-FE1D-B2B1-17A5BE2B12C5</sourceEntity>
<targetCardinalityString>*</targetCardinalityString>
<targetEntity>ED857386-F631-EC09-D0B4-F6723A07BBBF</targetEntity>
<transferable>true</transferable>
<deleteRule>NO ACTION</deleteRule>
</Relation>
