<?xml version = '1.0' encoding = 'UTF-8'?>
<Relation class="oracle.dbtools.crest.model.design.logical.Relation" name="VET_ROVE" directorySegmentName="seg_0" id="4AB0A83E-2FA5-BD1D-78E3-BFB8E83711B5">
<createdBy>gtan0021</createdBy>
<createdTime>2021-04-26 04:18:29 UTC</createdTime>
<ownerDesignName>animaldoctor</ownerDesignName>
<engineerTo>
<item key="63A58022-F151-EF9A-371B-86DB2ECDA9D2" value="true"/>
</engineerTo>
<sourcePk>71ADDDE0-ABC7-3C32-757C-9664A6F93FA6</sourcePk>
<identifying>true</identifying>
<nameOnSource>does</nameOnSource>
<nameOnTarget> </nameOnTarget>
<optionalSource>true</optionalSource>
<optionalTarget>false</optionalTarget>
<sourceCardinality>1</sourceCardinality>
<sourceEntity>809E4E74-5C79-FE1D-B2B1-17A5BE2B12C5</sourceEntity>
<targetCardinalityString>*</targetCardinalityString>
<targetEntity>ECD3A245-E15C-6399-E1B5-25C730F10F4C</targetEntity>
<transferable>true</transferable>
<deleteRule>NO ACTION</deleteRule>
</Relation>
