<?xml version = '1.0' encoding = 'UTF-8'?>
<Relation class="oracle.dbtools.crest.model.design.logical.Relation" name="VET_OWNER" directorySegmentName="seg_0" id="5D9172D1-4997-E867-AAF5-9EF4A974A566">
<createdBy>gtan0021</createdBy>
<createdTime>2021-04-26 13:11:15 UTC</createdTime>
<ownerDesignName>animaldoctor</ownerDesignName>
<engineerTo>
<item key="63A58022-F151-EF9A-371B-86DB2ECDA9D2" value="true"/>
</engineerTo>
<sourcePk>71ADDDE0-ABC7-3C32-757C-9664A6F93FA6</sourcePk>
<identifying>false</identifying>
<nameOnSource>prefers</nameOnSource>
<nameOnTarget> </nameOnTarget>
<optionalSource>true</optionalSource>
<optionalTarget>false</optionalTarget>
<sourceCardinality>1</sourceCardinality>
<sourceEntity>809E4E74-5C79-FE1D-B2B1-17A5BE2B12C5</sourceEntity>
<targetCardinalityString>*</targetCardinalityString>
<targetEntity>80A7101F-001C-791D-1733-AA2F5ADA2679</targetEntity>
<transferable>true</transferable>
<deleteRule>NO ACTION</deleteRule>
</Relation>
