<?xml version = '1.0' encoding = 'UTF-8'?>
<Relation class="oracle.dbtools.crest.model.design.logical.Relation" name="SERVICE_DETAILS_SERVICE" directorySegmentName="seg_0" id="5F9F4550-E871-8300-36E6-65EB5CD71401">
<createdBy>gtan0021</createdBy>
<createdTime>2021-04-23 08:44:30 UTC</createdTime>
<ownerDesignName>animaldoctor</ownerDesignName>
<engineerTo>
<item key="63A58022-F151-EF9A-371B-86DB2ECDA9D2" value="true"/>
</engineerTo>
<sourcePk>3B0D6265-F566-8070-E2CF-C6A51772A442</sourcePk>
<identifying>true</identifying>
<nameOnSource>has</nameOnSource>
<nameOnTarget> </nameOnTarget>
<optionalSource>true</optionalSource>
<optionalTarget>false</optionalTarget>
<sourceCardinality>1</sourceCardinality>
<sourceEntity>68405928-85CD-ADC3-BF4F-F43BAFEF998A</sourceEntity>
<targetCardinalityString>*</targetCardinalityString>
<targetEntity>EA6C9C55-C3FE-8EBF-9B5B-286656DD769C</targetEntity>
<transferable>true</transferable>
<deleteRule>NO ACTION</deleteRule>
</Relation>
