<?xml version = '1.0' encoding = 'UTF-8'?>
<Relation class="oracle.dbtools.crest.model.design.logical.Relation" name="OWNER_ANIMAL" directorySegmentName="seg_0" id="75BA6D26-9531-7662-987A-FE97EDC353D4">
<createdBy>gtan0021</createdBy>
<createdTime>2021-04-23 08:24:31 UTC</createdTime>
<ownerDesignName>animaldoctor</ownerDesignName>
<engineerTo>
<item key="63A58022-F151-EF9A-371B-86DB2ECDA9D2" value="true"/>
</engineerTo>
<sourcePk>56C2A171-C8CF-9197-FE4D-06D055F9A62B</sourcePk>
<identifying>false</identifying>
<nameOnSource>owns</nameOnSource>
<nameOnTarget> </nameOnTarget>
<optionalSource>false</optionalSource>
<optionalTarget>false</optionalTarget>
<sourceCardinality>1</sourceCardinality>
<sourceEntity>80A7101F-001C-791D-1733-AA2F5ADA2679</sourceEntity>
<targetCardinalityString>*</targetCardinalityString>
<targetEntity>1B70709E-A403-3106-A32C-6A53BD139D22</targetEntity>
<transferable>true</transferable>
<deleteRule>NO ACTION</deleteRule>
</Relation>
