<?xml version = '1.0' encoding = 'UTF-8'?>
<Relation class="oracle.dbtools.crest.model.design.logical.Relation" name="DRUG_PRESCRIPTION" directorySegmentName="seg_0" id="829EB903-B872-67EB-2E9E-9766551D7412">
<createdBy>gtan0021</createdBy>
<createdTime>2021-04-23 09:00:49 UTC</createdTime>
<ownerDesignName>animaldoctor</ownerDesignName>
<engineerTo>
<item key="63A58022-F151-EF9A-371B-86DB2ECDA9D2" value="true"/>
</engineerTo>
<sourcePk>9A241DF1-CDA6-CB6E-47B8-FDCB22A70086</sourcePk>
<identifying>true</identifying>
<nameOnSource>contains</nameOnSource>
<nameOnTarget> </nameOnTarget>
<optionalSource>true</optionalSource>
<optionalTarget>false</optionalTarget>
<sourceCardinality>1</sourceCardinality>
<sourceEntity>2BC573C6-6B19-94ED-3210-0A0270B90292</sourceEntity>
<targetCardinalityString>*</targetCardinalityString>
<targetEntity>8D833F94-0EC9-13BC-859B-03F3DC0B90E1</targetEntity>
<transferable>true</transferable>
<deleteRule>NO ACTION</deleteRule>
</Relation>
