<?xml version = '1.0' encoding = 'UTF-8'?>
<Relation class="oracle.dbtools.crest.model.design.logical.Relation" name="CLINIC_VISIT" directorySegmentName="seg_0" id="A18E4BA0-50C0-F88E-9429-68F3DE646D61">
<createdBy>gtan0021</createdBy>
<createdTime>2021-04-23 09:06:02 UTC</createdTime>
<ownerDesignName>animaldoctor</ownerDesignName>
<engineerTo>
<item key="63A58022-F151-EF9A-371B-86DB2ECDA9D2" value="true"/>
</engineerTo>
<sourcePk>CFABA114-A309-B856-7B50-A199E255E7A7</sourcePk>
<identifying>false</identifying>
<nameOnSource>conducted_at</nameOnSource>
<nameOnTarget> </nameOnTarget>
<optionalSource>true</optionalSource>
<optionalTarget>false</optionalTarget>
<sourceCardinality>1</sourceCardinality>
<sourceEntity>CAFFC1E4-460A-B943-CFD2-04EF0C452D52</sourceEntity>
<targetCardinalityString>*</targetCardinalityString>
<targetEntity>ED857386-F631-EC09-D0B4-F6723A07BBBF</targetEntity>
<transferable>true</transferable>
<deleteRule>NO ACTION</deleteRule>
</Relation>
