<?xml version = '1.0' encoding = 'UTF-8'?>
<Relation class="oracle.dbtools.crest.model.design.logical.Relation" name="VISIT_PRESCRIPTION" directorySegmentName="seg_0" id="D0203947-B01F-C152-BC9F-147A8D486E9E">
<createdBy>gtan0021</createdBy>
<createdTime>2021-04-23 08:58:36 UTC</createdTime>
<ownerDesignName>animaldoctor</ownerDesignName>
<engineerTo>
<item key="63A58022-F151-EF9A-371B-86DB2ECDA9D2" value="true"/>
</engineerTo>
<sourcePk>85F433E6-86A1-96DA-287A-CDE6C9C82FF2</sourcePk>
<identifying>true</identifying>
<nameOnSource>provides</nameOnSource>
<nameOnTarget> </nameOnTarget>
<optionalSource>true</optionalSource>
<optionalTarget>false</optionalTarget>
<sourceCardinality>1</sourceCardinality>
<sourceEntity>ED857386-F631-EC09-D0B4-F6723A07BBBF</sourceEntity>
<targetCardinalityString>*</targetCardinalityString>
<targetEntity>8D833F94-0EC9-13BC-859B-03F3DC0B90E1</targetEntity>
<transferable>true</transferable>
<deleteRule>NO ACTION</deleteRule>
</Relation>
