<?xml version = '1.0' encoding = 'UTF-8'?>
<Relation class="oracle.dbtools.crest.model.design.logical.Relation" name="CLINIC_VET_ASSIGNS" directorySegmentName="seg_0" id="D1DC0904-DEFE-4064-AFBB-076B50F2C7FA">
<createdBy>gtan0021</createdBy>
<createdTime>2021-04-23 08:51:04 UTC</createdTime>
<ownerDesignName>animaldoctor</ownerDesignName>
<engineerTo>
<item key="63A58022-F151-EF9A-371B-86DB2ECDA9D2" value="true"/>
</engineerTo>
<sourcePk>CFABA114-A309-B856-7B50-A199E255E7A7</sourcePk>
<identifying>false</identifying>
<nameOnSource>assigns</nameOnSource>
<nameOnTarget> </nameOnTarget>
<optionalSource>false</optionalSource>
<optionalTarget>false</optionalTarget>
<sourceCardinality>1</sourceCardinality>
<sourceEntity>CAFFC1E4-460A-B943-CFD2-04EF0C452D52</sourceEntity>
<targetCardinalityString>*</targetCardinalityString>
<targetEntity>809E4E74-5C79-FE1D-B2B1-17A5BE2B12C5</targetEntity>
<transferable>true</transferable>
<deleteRule>NO ACTION</deleteRule>
</Relation>
