<?xml version = '1.0' encoding = 'UTF-8'?>
<Relation class="oracle.dbtools.crest.model.design.logical.Relation" name="VISIT_SERVICE" directorySegmentName="seg_0" id="E8AF2432-239E-A345-ECA1-DDF44F13CF75">
<createdBy>gtan0021</createdBy>
<createdTime>2021-04-23 08:52:55 UTC</createdTime>
<ownerDesignName>animaldoctor</ownerDesignName>
<engineerTo>
<item key="63A58022-F151-EF9A-371B-86DB2ECDA9D2" value="true"/>
</engineerTo>
<sourcePk>85F433E6-86A1-96DA-287A-CDE6C9C82FF2</sourcePk>
<identifying>true</identifying>
<nameOnSource>provides</nameOnSource>
<nameOnTarget> </nameOnTarget>
<optionalSource>false</optionalSource>
<optionalTarget>false</optionalTarget>
<sourceCardinality>1</sourceCardinality>
<sourceEntity>ED857386-F631-EC09-D0B4-F6723A07BBBF</sourceEntity>
<targetCardinalityString>*</targetCardinalityString>
<targetEntity>EA6C9C55-C3FE-8EBF-9B5B-286656DD769C</targetEntity>
<transferable>true</transferable>
<deleteRule>NO ACTION</deleteRule>
</Relation>
