<?xml version = '1.0' encoding = 'UTF-8'?>
<Relation class="oracle.dbtools.crest.model.design.logical.Relation" name="VET_SPECIALIA\SATION_VET" directorySegmentName="seg_0" id="F48D987D-7AC2-D47A-DA0C-CDA7378EACA5">
<createdBy>gtan0021</createdBy>
<createdTime>2021-04-23 09:03:46 UTC</createdTime>
<ownerDesignName>animaldoctor</ownerDesignName>
<engineerTo>
<item key="63A58022-F151-EF9A-371B-86DB2ECDA9D2" value="true"/>
</engineerTo>
<sourcePk>B32686F0-DC60-15A6-70D9-3CB88FB433C0</sourcePk>
<identifying>false</identifying>
<nameOnSource>specialises</nameOnSource>
<nameOnTarget> </nameOnTarget>
<optionalSource>true</optionalSource>
<optionalTarget>true</optionalTarget>
<sourceCardinality>1</sourceCardinality>
<sourceEntity>5083E2FC-F48C-28F3-DB4F-580D6B35DF23</sourceEntity>
<targetCardinalityString>*</targetCardinalityString>
<targetEntity>809E4E74-5C79-FE1D-B2B1-17A5BE2B12C5</targetEntity>
<transferable>true</transferable>
<deleteRule>NO ACTION</deleteRule>
</Relation>
