<?xml version = '1.0' encoding = 'UTF-8'?>
<Entity class="oracle.dbtools.crest.model.design.logical.Entity" directorySegmentName="seg_0" id="1B70709E-A403-3106-A32C-6A53BD139D22" name="ANIMAL">
<createdBy>gtan0021</createdBy>
<createdTime>2021-04-22 13:48:42 UTC</createdTime>
<ownerDesignName>animaldoctor</ownerDesignName>
<engineerTo>
<item key="63A58022-F151-EF9A-371B-86DB2ECDA9D2" value="true"/>
</engineerTo>
<adequatelyNormalized>NO</adequatelyNormalized>
<expectedVolumes>0</expectedVolumes>
<fwdEngineeringStrategyName>Single Table</fwdEngineeringStrategyName>
<growthPercent>0</growthPercent>
<growthType>Year</growthType>
<maxVolumes>9999999</maxVolumes>
<minVolumes>0</minVolumes>
<normalForm>Third</normalForm>
<attributes itemClass="oracle.dbtools.crest.model.design.logical.Attribute">
<Attribute name="animal_id" id="4F1F378C-4F06-5907-94CF-88CDBD90C2D4">
<createdBy>gtan0021</createdBy>
<createdTime>2021-04-22 13:49:27 UTC</createdTime>
<commentInRDBMS><![CDATA[animal id]]></commentInRDBMS>
<ownerDesignName>animaldoctor</ownerDesignName>
<engineerTo>
<item key="63A58022-F151-EF9A-371B-86DB2ECDA9D2" value="true"/>
</engineerTo>
<useDomainConstraints>false</useDomainConstraints>
<use>1</use>
<logicalDatatype>LOGDT019</logicalDatatype>
<dataTypePrecision>7</dataTypePrecision>
<ownDataTypeParameters>,7,</ownDataTypeParameters>
</Attribute>
<Attribute name="animal_gender" id="626FC59F-9D46-B0F1-2E1D-FEB6F2CC6FA2">
<createdBy>gtan0021</createdBy>
<createdTime>2021-04-22 13:49:28 UTC</createdTime>
<commentInRDBMS><![CDATA[animal gender (M,F)]]></commentInRDBMS>
<ownerDesignName>animaldoctor</ownerDesignName>
<engineerTo>
<item key="63A58022-F151-EF9A-371B-86DB2ECDA9D2" value="true"/>
</engineerTo>
<constraintName>chk_animal_gender</constraintName>
<useDomainConstraints>false</useDomainConstraints>
<use>1</use>
<logicalDatatype>LOGDT025</logicalDatatype>
<dataTypeSize>1</dataTypeSize>
<listOfValues>
<valueDef value="F" description="Gender Female"/>
<valueDef value="M" description="Gender Male"/>
</listOfValues>
<ownDataTypeParameters>1,,</ownDataTypeParameters>
</Attribute>
<Attribute name="animal_name" id="C59AABE7-EC64-D0DD-AACF-5E6D773FC54C">
<createdBy>gtan0021</createdBy>
<createdTime>2021-04-22 13:49:28 UTC</createdTime>
<commentInRDBMS><![CDATA[animal name]]></commentInRDBMS>
<ownerDesignName>animaldoctor</ownerDesignName>
<engineerTo>
<item key="63A58022-F151-EF9A-371B-86DB2ECDA9D2" value="true"/>
</engineerTo>
<useDomainConstraints>false</useDomainConstraints>
<use>1</use>
<logicalDatatype>LOGDT024</logicalDatatype>
<dataTypeSize>50</dataTypeSize>
<ownDataTypeParameters>50,,</ownDataTypeParameters>
</Attribute>
<Attribute name="animal_birthdate" id="7D7EA499-AA59-8A3F-8C8C-6C1C69C59686">
<createdBy>gtan0021</createdBy>
<createdTime>2021-04-22 13:49:28 UTC</createdTime>
<commentInRDBMS><![CDATA[animal birthdate ]]></commentInRDBMS>
<ownerDesignName>animaldoctor</ownerDesignName>
<engineerTo>
<item key="63A58022-F151-EF9A-371B-86DB2ECDA9D2" value="true"/>
</engineerTo>
<useDomainConstraints>false</useDomainConstraints>
<use>1</use>
<logicalDatatype>LOGDT007</logicalDatatype>
<ownDataTypeParameters>,,</ownDataTypeParameters>
</Attribute>
<Attribute name="animal_deceased" id="C79F27D2-E97E-C997-AF8C-4F95101969A3">
<createdBy>gtan0021</createdBy>
<createdTime>2021-04-22 13:49:29 UTC</createdTime>
<commentInRDBMS><![CDATA[animal deceased or not (Y/N)]]></commentInRDBMS>
<ownerDesignName>animaldoctor</ownerDesignName>
<engineerTo>
<item key="63A58022-F151-EF9A-371B-86DB2ECDA9D2" value="true"/>
</engineerTo>
<constraintName>chk_animal_deceased</constraintName>
<useDomainConstraints>false</useDomainConstraints>
<use>1</use>
<logicalDatatype>LOGDT025</logicalDatatype>
<dataTypeSize>1</dataTypeSize>
<listOfValues>
<valueDef value="N" description="No"/>
<valueDef value="Y" description="Yes"/>
</listOfValues>
<ownDataTypeParameters>1,,</ownDataTypeParameters>
</Attribute>
<Attribute name="owner_id" id="137092EF-06A6-79D5-D997-C59D0194B16F">
<createdBy>gtan0021</createdBy>
<createdTime>2021-04-23 08:24:31 UTC</createdTime>
<commentInRDBMS><![CDATA[owner id]]></commentInRDBMS>
<generatorID>75BA6D26-9531-7662-987A-FE97EDC353D4</generatorID>
<ownerDesignName>animaldoctor</ownerDesignName>
<engineerTo>
<item key="63A58022-F151-EF9A-371B-86DB2ECDA9D2" value="true"/>
</engineerTo>
<referedAttribute>3B76B420-60B7-1B8F-94C3-B844A4EB0F49</referedAttribute>
<useDomainConstraints>false</useDomainConstraints>
<use>1</use>
<logicalDatatype>LOGDT019</logicalDatatype>
<dataTypePrecision>7</dataTypePrecision>
<ownDataTypeParameters>,7,</ownDataTypeParameters>
</Attribute>
<Attribute name="atype_id" id="9EB0CC48-2D4B-3C0F-DEF5-A5287DFB8278">
<createdBy>gtan0021</createdBy>
<createdTime>2021-04-23 08:27:36 UTC</createdTime>
<commentInRDBMS><![CDATA[animal type id]]></commentInRDBMS>
<generatorID>19D48CF5-951F-CBCB-8DB9-0A25C3477D6D</generatorID>
<ownerDesignName>animaldoctor</ownerDesignName>
<engineerTo>
<item key="63A58022-F151-EF9A-371B-86DB2ECDA9D2" value="true"/>
</engineerTo>
<referedAttribute>02BE7690-0A6D-4CF3-BD7C-F5556A55B417</referedAttribute>
<useDomainConstraints>false</useDomainConstraints>
<use>1</use>
<logicalDatatype>LOGDT019</logicalDatatype>
<dataTypePrecision>7</dataTypePrecision>
<ownDataTypeParameters>,,</ownDataTypeParameters>
</Attribute>
</attributes>
<identifiers itemClass="oracle.dbtools.crest.model.design.logical.CandidateKey">
<identifier id="45F268D6-8C3E-957D-7287-C2860DF2CA78" name="ANIMAL PK">
<createdBy>gtan0021</createdBy>
<createdTime>2021-04-22 13:49:57 UTC</createdTime>
<ownerDesignName>animaldoctor</ownerDesignName>
<shouldEngineer>false</shouldEngineer>
<engineerTo>
<item key="63A58022-F151-EF9A-371B-86DB2ECDA9D2" value="false"/>
</engineerTo>
<pk>true</pk>
<usedAttributes>
<attributeRef>4F1F378C-4F06-5907-94CF-88CDBD90C2D4</attributeRef>
</usedAttributes>
</identifier>
</identifiers>
</Entity>
