<?xml version = '1.0' encoding = 'UTF-8'?>
<Entity class="oracle.dbtools.crest.model.design.logical.Entity" directorySegmentName="seg_0" id="2BC573C6-6B19-94ED-3210-0A0270B90292" name="DRUG">
<createdBy>gtan0021</createdBy>
<createdTime>2021-04-22 14:08:54 UTC</createdTime>
<ownerDesignName>animaldoctor</ownerDesignName>
<engineerTo>
<item key="63A58022-F151-EF9A-371B-86DB2ECDA9D2" value="true"/>
</engineerTo>
<adequatelyNormalized>NO</adequatelyNormalized>
<expectedVolumes>0</expectedVolumes>
<fwdEngineeringStrategyName>Single Table</fwdEngineeringStrategyName>
<growthPercent>0</growthPercent>
<growthType>Year</growthType>
<maxVolumes>9999999</maxVolumes>
<minVolumes>0</minVolumes>
<normalForm>Third</normalForm>
<attributes itemClass="oracle.dbtools.crest.model.design.logical.Attribute">
<Attribute name="drug_id" id="11F31CAC-6B2D-F104-D7F3-50AA0C87BC53">
<createdBy>gtan0021</createdBy>
<createdTime>2021-04-22 14:09:00 UTC</createdTime>
<commentInRDBMS><![CDATA[drug id]]></commentInRDBMS>
<ownerDesignName>animaldoctor</ownerDesignName>
<engineerTo>
<item key="63A58022-F151-EF9A-371B-86DB2ECDA9D2" value="true"/>
</engineerTo>
<useDomainConstraints>false</useDomainConstraints>
<use>1</use>
<logicalDatatype>LOGDT019</logicalDatatype>
<dataTypePrecision>4</dataTypePrecision>
<ownDataTypeParameters>,4,</ownDataTypeParameters>
</Attribute>
<Attribute name="drug_name" id="90B8A538-DC14-D211-61EB-42222C19F123">
<createdBy>gtan0021</createdBy>
<createdTime>2021-04-22 14:09:00 UTC</createdTime>
<commentInRDBMS><![CDATA[drug name]]></commentInRDBMS>
<ownerDesignName>animaldoctor</ownerDesignName>
<engineerTo>
<item key="63A58022-F151-EF9A-371B-86DB2ECDA9D2" value="true"/>
</engineerTo>
<useDomainConstraints>false</useDomainConstraints>
<use>1</use>
<logicalDatatype>LOGDT024</logicalDatatype>
<dataTypeSize>50</dataTypeSize>
<ownDataTypeParameters>50,,</ownDataTypeParameters>
</Attribute>
<Attribute name="drug_usage_instructions" id="A8AD6907-13AD-8831-A134-AB8BB68E16A8">
<createdBy>gtan0021</createdBy>
<createdTime>2021-04-22 14:21:29 UTC</createdTime>
<commentInRDBMS><![CDATA[drug usage instructions]]></commentInRDBMS>
<ownerDesignName>animaldoctor</ownerDesignName>
<engineerTo>
<item key="63A58022-F151-EF9A-371B-86DB2ECDA9D2" value="true"/>
</engineerTo>
<useDomainConstraints>false</useDomainConstraints>
<use>1</use>
<logicalDatatype>LOGDT024</logicalDatatype>
<dataTypeSize>100</dataTypeSize>
<ownDataTypeParameters>100,,</ownDataTypeParameters>
</Attribute>
<Attribute name="drug_standard_cost" id="D195C7A0-B1E6-42C7-417F-0616DE633A00">
<createdBy>gtan0021</createdBy>
<createdTime>2021-04-23 08:09:17 UTC</createdTime>
<commentInRDBMS><![CDATA[drug standard cost]]></commentInRDBMS>
<ownerDesignName>animaldoctor</ownerDesignName>
<engineerTo>
<item key="63A58022-F151-EF9A-371B-86DB2ECDA9D2" value="true"/>
</engineerTo>
<useDomainConstraints>false</useDomainConstraints>
<use>1</use>
<logicalDatatype>LOGDT019</logicalDatatype>
<dataTypePrecision>6</dataTypePrecision>
<dataTypeScale>2</dataTypeScale>
<ownDataTypeParameters>,6,2</ownDataTypeParameters>
</Attribute>
</attributes>
<identifiers itemClass="oracle.dbtools.crest.model.design.logical.CandidateKey">
<identifier id="9A241DF1-CDA6-CB6E-47B8-FDCB22A70086" name="DRUG PK">
<createdBy>gtan0021</createdBy>
<createdTime>2021-04-22 14:09:22 UTC</createdTime>
<ownerDesignName>animaldoctor</ownerDesignName>
<shouldEngineer>false</shouldEngineer>
<engineerTo>
<item key="63A58022-F151-EF9A-371B-86DB2ECDA9D2" value="false"/>
</engineerTo>
<pk>true</pk>
<usedAttributes>
<attributeRef>11F31CAC-6B2D-F104-D7F3-50AA0C87BC53</attributeRef>
</usedAttributes>
</identifier>
</identifiers>
</Entity>
