<?xml version = '1.0' encoding = 'UTF-8'?>
<Entity class="oracle.dbtools.crest.model.design.logical.Entity" directorySegmentName="seg_0" id="5083E2FC-F48C-28F3-DB4F-580D6B35DF23" name="VET_SPECIALISATION">
<createdBy>gtan0021</createdBy>
<createdTime>2021-04-23 08:04:02 UTC</createdTime>
<ownerDesignName>animaldoctor</ownerDesignName>
<engineerTo>
<item key="63A58022-F151-EF9A-371B-86DB2ECDA9D2" value="true"/>
</engineerTo>
<adequatelyNormalized>NO</adequatelyNormalized>
<expectedVolumes>0</expectedVolumes>
<fwdEngineeringStrategyName>Single Table</fwdEngineeringStrategyName>
<growthPercent>0</growthPercent>
<growthType>Year</growthType>
<maxVolumes>9999999</maxVolumes>
<minVolumes>0</minVolumes>
<normalForm>Third</normalForm>
<attributes itemClass="oracle.dbtools.crest.model.design.logical.Attribute">
<Attribute name="vspecial_area_id" id="991D441B-E57A-0A43-3E44-3775959CB3A1">
<createdBy>gtan0021</createdBy>
<createdTime>2021-04-23 08:04:20 UTC</createdTime>
<commentInRDBMS><![CDATA[vet specialised area id]]></commentInRDBMS>
<ownerDesignName>animaldoctor</ownerDesignName>
<engineerTo>
<item key="63A58022-F151-EF9A-371B-86DB2ECDA9D2" value="true"/>
</engineerTo>
<useDomainConstraints>false</useDomainConstraints>
<use>1</use>
<logicalDatatype>LOGDT019</logicalDatatype>
<dataTypePrecision>7</dataTypePrecision>
<ownDataTypeParameters>,7,</ownDataTypeParameters>
</Attribute>
<Attribute name="vspecial_area_name" id="41A9E09B-54C9-919F-1879-967A062DEAA8">
<createdBy>gtan0021</createdBy>
<createdTime>2021-04-23 08:04:20 UTC</createdTime>
<commentInRDBMS><![CDATA[vet specialised area name]]></commentInRDBMS>
<ownerDesignName>animaldoctor</ownerDesignName>
<engineerTo>
<item key="63A58022-F151-EF9A-371B-86DB2ECDA9D2" value="true"/>
</engineerTo>
<useDomainConstraints>false</useDomainConstraints>
<use>1</use>
<logicalDatatype>LOGDT024</logicalDatatype>
<dataTypeSize>50</dataTypeSize>
<ownDataTypeParameters>50,,</ownDataTypeParameters>
</Attribute>
</attributes>
<identifiers itemClass="oracle.dbtools.crest.model.design.logical.CandidateKey">
<identifier id="B32686F0-DC60-15A6-70D9-3CB88FB433C0" name="VET_SPECIALISATION PK">
<createdBy>gtan0021</createdBy>
<createdTime>2021-04-23 08:05:03 UTC</createdTime>
<ownerDesignName>animaldoctor</ownerDesignName>
<engineerTo>
<item key="63A58022-F151-EF9A-371B-86DB2ECDA9D2" value="true"/>
</engineerTo>
<pk>true</pk>
<usedAttributes>
<attributeRef>991D441B-E57A-0A43-3E44-3775959CB3A1</attributeRef>
</usedAttributes>
</identifier>
<identifier id="4F48553E-F06D-C0BC-B3B4-B9E6C6573755" name="un_vspecial_area_name">
<createdBy>gtan0021</createdBy>
<createdTime>2021-04-23 09:11:28 UTC</createdTime>
<ownerDesignName>animaldoctor</ownerDesignName>
<engineerTo>
<item key="63A58022-F151-EF9A-371B-86DB2ECDA9D2" value="true"/>
</engineerTo>
<newElementsIDs>41A9E09B-54C9-919F-1879-967A062DEAA8</newElementsIDs>
<usedAttributes>
<attributeRef>41A9E09B-54C9-919F-1879-967A062DEAA8</attributeRef>
</usedAttributes>
</identifier>
</identifiers>
</Entity>
