<?xml version = '1.0' encoding = 'UTF-8'?>
<Entity class="oracle.dbtools.crest.model.design.logical.Entity" directorySegmentName="seg_0" id="68405928-85CD-ADC3-BF4F-F43BAFEF998A" name="SERVICE_DETAILS">
<createdBy>gtan0021</createdBy>
<createdTime>2021-04-23 07:56:07 UTC</createdTime>
<ownerDesignName>animaldoctor</ownerDesignName>
<engineerTo>
<item key="63A58022-F151-EF9A-371B-86DB2ECDA9D2" value="true"/>
</engineerTo>
<adequatelyNormalized>NO</adequatelyNormalized>
<expectedVolumes>0</expectedVolumes>
<fwdEngineeringStrategyName>Single Table</fwdEngineeringStrategyName>
<growthPercent>0</growthPercent>
<growthType>Year</growthType>
<maxVolumes>9999999</maxVolumes>
<minVolumes>0</minVolumes>
<normalForm>Third</normalForm>
<attributes itemClass="oracle.dbtools.crest.model.design.logical.Attribute">
<Attribute name="service_code" id="438C42AC-0017-12C6-CECF-C13CE1CD1BFC">
<createdBy>gtan0021</createdBy>
<createdTime>2021-04-23 07:56:17 UTC</createdTime>
<commentInRDBMS><![CDATA[service code]]></commentInRDBMS>
<ownerDesignName>animaldoctor</ownerDesignName>
<engineerTo>
<item key="63A58022-F151-EF9A-371B-86DB2ECDA9D2" value="true"/>
</engineerTo>
<useDomainConstraints>false</useDomainConstraints>
<use>1</use>
<logicalDatatype>LOGDT024</logicalDatatype>
<dataTypeSize>10</dataTypeSize>
<ownDataTypeParameters>10,,</ownDataTypeParameters>
</Attribute>
<Attribute name="service_description" id="B7EAA39E-BFB6-C6E1-E7BD-F6E9A1EE5ABB">
<createdBy>gtan0021</createdBy>
<createdTime>2021-04-23 07:56:17 UTC</createdTime>
<commentInRDBMS><![CDATA[service description]]></commentInRDBMS>
<ownerDesignName>animaldoctor</ownerDesignName>
<engineerTo>
<item key="63A58022-F151-EF9A-371B-86DB2ECDA9D2" value="true"/>
</engineerTo>
<useDomainConstraints>false</useDomainConstraints>
<use>1</use>
<logicalDatatype>LOGDT024</logicalDatatype>
<dataTypeSize>50</dataTypeSize>
<ownDataTypeParameters>50,,</ownDataTypeParameters>
</Attribute>
<Attribute name="service_standard_cost" id="3BEF197E-67DB-22B8-CAA9-CF4803DB6BC3">
<createdBy>gtan0021</createdBy>
<createdTime>2021-04-23 08:08:32 UTC</createdTime>
<commentInRDBMS><![CDATA[service standard cost]]></commentInRDBMS>
<ownerDesignName>animaldoctor</ownerDesignName>
<engineerTo>
<item key="63A58022-F151-EF9A-371B-86DB2ECDA9D2" value="true"/>
</engineerTo>
<useDomainConstraints>false</useDomainConstraints>
<use>1</use>
<logicalDatatype>LOGDT019</logicalDatatype>
<dataTypePrecision>6</dataTypePrecision>
<dataTypeScale>2</dataTypeScale>
<ownDataTypeParameters>,6,2</ownDataTypeParameters>
</Attribute>
</attributes>
<identifiers itemClass="oracle.dbtools.crest.model.design.logical.CandidateKey">
<identifier id="3B0D6265-F566-8070-E2CF-C6A51772A442" name="SERVICE_DETAILS PK">
<createdBy>gtan0021</createdBy>
<createdTime>2021-04-23 07:56:36 UTC</createdTime>
<ownerDesignName>animaldoctor</ownerDesignName>
<shouldEngineer>false</shouldEngineer>
<engineerTo>
<item key="63A58022-F151-EF9A-371B-86DB2ECDA9D2" value="false"/>
</engineerTo>
<pk>true</pk>
<usedAttributes>
<attributeRef>438C42AC-0017-12C6-CECF-C13CE1CD1BFC</attributeRef>
</usedAttributes>
</identifier>
</identifiers>
</Entity>
