<?xml version = '1.0' encoding = 'UTF-8'?>
<Entity class="oracle.dbtools.crest.model.design.logical.Entity" directorySegmentName="seg_0" id="809E4E74-5C79-FE1D-B2B1-17A5BE2B12C5" name="VET">
<createdBy>gtan0021</createdBy>
<createdTime>2021-04-22 13:47:15 UTC</createdTime>
<ownerDesignName>animaldoctor</ownerDesignName>
<engineerTo>
<item key="63A58022-F151-EF9A-371B-86DB2ECDA9D2" value="true"/>
</engineerTo>
<adequatelyNormalized>NO</adequatelyNormalized>
<expectedVolumes>0</expectedVolumes>
<fwdEngineeringStrategyName>Single Table</fwdEngineeringStrategyName>
<growthPercent>0</growthPercent>
<growthType>Year</growthType>
<maxVolumes>9999999</maxVolumes>
<minVolumes>0</minVolumes>
<normalForm>Third</normalForm>
<attributes itemClass="oracle.dbtools.crest.model.design.logical.Attribute">
<Attribute name="vet_id" id="CC3743C6-B8BF-4B2F-D517-F7ED4CECCA32">
<createdBy>gtan0021</createdBy>
<createdTime>2021-04-22 13:47:24 UTC</createdTime>
<commentInRDBMS><![CDATA[vet id]]></commentInRDBMS>
<ownerDesignName>animaldoctor</ownerDesignName>
<engineerTo>
<item key="63A58022-F151-EF9A-371B-86DB2ECDA9D2" value="true"/>
</engineerTo>
<useDomainConstraints>false</useDomainConstraints>
<use>1</use>
<logicalDatatype>LOGDT019</logicalDatatype>
<dataTypePrecision>7</dataTypePrecision>
<ownDataTypeParameters>,7,</ownDataTypeParameters>
</Attribute>
<Attribute name="vet_title" id="F86FB9BB-26F4-DD56-E353-BB1924FEE9BC">
<createdBy>gtan0021</createdBy>
<createdTime>2021-04-23 07:52:08 UTC</createdTime>
<commentInRDBMS><![CDATA[vet title ]]></commentInRDBMS>
<ownerDesignName>animaldoctor</ownerDesignName>
<engineerTo>
<item key="63A58022-F151-EF9A-371B-86DB2ECDA9D2" value="true"/>
</engineerTo>
<useDomainConstraints>false</useDomainConstraints>
<use>1</use>
<logicalDatatype>LOGDT024</logicalDatatype>
<dataTypeSize>10</dataTypeSize>
<ownDataTypeParameters>10,,</ownDataTypeParameters>
</Attribute>
<Attribute name="vet_givname" id="6BE57B19-BEBA-7011-C77E-5FA6DD0B83F9">
<createdBy>gtan0021</createdBy>
<createdTime>2021-04-22 13:47:24 UTC</createdTime>
<commentInRDBMS><![CDATA[vet given name]]></commentInRDBMS>
<ownerDesignName>animaldoctor</ownerDesignName>
<engineerTo>
<item key="63A58022-F151-EF9A-371B-86DB2ECDA9D2" value="true"/>
</engineerTo>
<useDomainConstraints>false</useDomainConstraints>
<use>1</use>
<logicalDatatype>LOGDT024</logicalDatatype>
<dataTypeSize>50</dataTypeSize>
<ownDataTypeParameters>50,,</ownDataTypeParameters>
</Attribute>
<Attribute name="vet_famname" id="76A1F72E-4C03-DE59-E4B5-20DF5816DA24">
<createdBy>gtan0021</createdBy>
<createdTime>2021-04-22 13:47:24 UTC</createdTime>
<commentInRDBMS><![CDATA[vet family name]]></commentInRDBMS>
<ownerDesignName>animaldoctor</ownerDesignName>
<engineerTo>
<item key="63A58022-F151-EF9A-371B-86DB2ECDA9D2" value="true"/>
</engineerTo>
<useDomainConstraints>false</useDomainConstraints>
<use>1</use>
<logicalDatatype>LOGDT024</logicalDatatype>
<dataTypeSize>50</dataTypeSize>
<ownDataTypeParameters>50,,</ownDataTypeParameters>
</Attribute>
<Attribute name="vet_phoneno" id="F2E9BD40-9CBF-9BAA-6A19-165B5FC73CD1">
<createdBy>gtan0021</createdBy>
<createdTime>2021-04-22 14:25:44 UTC</createdTime>
<commentInRDBMS><![CDATA[vet phone number]]></commentInRDBMS>
<ownerDesignName>animaldoctor</ownerDesignName>
<engineerTo>
<item key="63A58022-F151-EF9A-371B-86DB2ECDA9D2" value="true"/>
</engineerTo>
<useDomainConstraints>false</useDomainConstraints>
<use>1</use>
<logicalDatatype>LOGDT025</logicalDatatype>
<dataTypeSize>10</dataTypeSize>
<ownDataTypeParameters>10,,</ownDataTypeParameters>
</Attribute>
<Attribute name="vet_date_employed" id="D98C9E49-0143-4A92-4B74-4329118FAFFE">
<createdBy>gtan0021</createdBy>
<createdTime>2021-04-22 14:25:45 UTC</createdTime>
<commentInRDBMS><![CDATA[vet date employed]]></commentInRDBMS>
<ownerDesignName>animaldoctor</ownerDesignName>
<engineerTo>
<item key="63A58022-F151-EF9A-371B-86DB2ECDA9D2" value="true"/>
</engineerTo>
<useDomainConstraints>false</useDomainConstraints>
<use>1</use>
<logicalDatatype>LOGDT007</logicalDatatype>
<ownDataTypeParameters>,,</ownDataTypeParameters>
</Attribute>
<Attribute name="clinic_id" id="0F6CB403-3CC8-D0F3-8393-B985EFD7A9CE">
<createdBy>gtan0021</createdBy>
<createdTime>2021-04-23 08:51:04 UTC</createdTime>
<commentInRDBMS><![CDATA[clinic id]]></commentInRDBMS>
<generatorID>D1DC0904-DEFE-4064-AFBB-076B50F2C7FA</generatorID>
<ownerDesignName>animaldoctor</ownerDesignName>
<engineerTo>
<item key="63A58022-F151-EF9A-371B-86DB2ECDA9D2" value="true"/>
</engineerTo>
<referedAttribute>27EB4B8F-7AE2-9307-71F2-519D6C2BA928</referedAttribute>
<useDomainConstraints>false</useDomainConstraints>
<use>1</use>
<logicalDatatype>LOGDT019</logicalDatatype>
<dataTypePrecision>10</dataTypePrecision>
<ownDataTypeParameters>,10,</ownDataTypeParameters>
</Attribute>
<Attribute name="vspecial_area_id" id="868A95B1-49F8-55CA-DBE7-B7776D3775BE">
<createdBy>gtan0021</createdBy>
<createdTime>2021-04-23 09:03:46 UTC</createdTime>
<commentInRDBMS><![CDATA[vet specialised area id]]></commentInRDBMS>
<generatorID>F48D987D-7AC2-D47A-DA0C-CDA7378EACA5</generatorID>
<ownerDesignName>animaldoctor</ownerDesignName>
<engineerTo>
<item key="63A58022-F151-EF9A-371B-86DB2ECDA9D2" value="true"/>
</engineerTo>
<nullsAllowed>true</nullsAllowed>
<referedAttribute>991D441B-E57A-0A43-3E44-3775959CB3A1</referedAttribute>
<useDomainConstraints>false</useDomainConstraints>
<use>1</use>
<logicalDatatype>LOGDT019</logicalDatatype>
<dataTypePrecision>7</dataTypePrecision>
<ownDataTypeParameters>,7,</ownDataTypeParameters>
</Attribute>
</attributes>
<identifiers itemClass="oracle.dbtools.crest.model.design.logical.CandidateKey">
<identifier id="71ADDDE0-ABC7-3C32-757C-9664A6F93FA6" name="VET PK">
<createdBy>gtan0021</createdBy>
<createdTime>2021-04-22 13:47:50 UTC</createdTime>
<ownerDesignName>animaldoctor</ownerDesignName>
<engineerTo>
<item key="63A58022-F151-EF9A-371B-86DB2ECDA9D2" value="true"/>
</engineerTo>
<pk>true</pk>
<usedAttributes>
<attributeRef>CC3743C6-B8BF-4B2F-D517-F7ED4CECCA32</attributeRef>
</usedAttributes>
</identifier>
</identifiers>
</Entity>
