<?xml version = '1.0' encoding = 'UTF-8'?>
<Entity class="oracle.dbtools.crest.model.design.logical.Entity" directorySegmentName="seg_0" id="80A7101F-001C-791D-1733-AA2F5ADA2679" name="OWNER">
<createdBy>gtan0021</createdBy>
<createdTime>2021-04-22 13:30:00 UTC</createdTime>
<ownerDesignName>animaldoctor</ownerDesignName>
<engineerTo>
<item key="63A58022-F151-EF9A-371B-86DB2ECDA9D2" value="true"/>
</engineerTo>
<adequatelyNormalized>NO</adequatelyNormalized>
<expectedVolumes>0</expectedVolumes>
<fwdEngineeringStrategyName>Single Table</fwdEngineeringStrategyName>
<growthPercent>0</growthPercent>
<growthType>Year</growthType>
<maxVolumes>9999999</maxVolumes>
<minVolumes>0</minVolumes>
<normalForm>Third</normalForm>
<attributes itemClass="oracle.dbtools.crest.model.design.logical.Attribute">
<Attribute name="owner_id" id="3B76B420-60B7-1B8F-94C3-B844A4EB0F49">
<createdBy>gtan0021</createdBy>
<createdTime>2021-04-22 13:30:33 UTC</createdTime>
<commentInRDBMS><![CDATA[owner id]]></commentInRDBMS>
<ownerDesignName>animaldoctor</ownerDesignName>
<engineerTo>
<item key="63A58022-F151-EF9A-371B-86DB2ECDA9D2" value="true"/>
</engineerTo>
<useDomainConstraints>false</useDomainConstraints>
<use>1</use>
<logicalDatatype>LOGDT019</logicalDatatype>
<dataTypePrecision>7</dataTypePrecision>
<ownDataTypeParameters>,7,</ownDataTypeParameters>
</Attribute>
<Attribute name="owner_givname" id="73C6DD58-FFD2-E82D-0BBF-E662C487080B">
<createdBy>gtan0021</createdBy>
<createdTime>2021-04-22 13:30:35 UTC</createdTime>
<commentInRDBMS><![CDATA[owner given name]]></commentInRDBMS>
<ownerDesignName>animaldoctor</ownerDesignName>
<engineerTo>
<item key="63A58022-F151-EF9A-371B-86DB2ECDA9D2" value="true"/>
</engineerTo>
<useDomainConstraints>false</useDomainConstraints>
<use>1</use>
<logicalDatatype>LOGDT024</logicalDatatype>
<dataTypeSize>50</dataTypeSize>
<ownDataTypeParameters>50,,</ownDataTypeParameters>
</Attribute>
<Attribute name="owner_famname" id="9EE653A9-19C8-76C7-B961-7A4A5E09A37C">
<createdBy>gtan0021</createdBy>
<createdTime>2021-04-22 13:30:36 UTC</createdTime>
<commentInRDBMS><![CDATA[owner family name]]></commentInRDBMS>
<ownerDesignName>animaldoctor</ownerDesignName>
<engineerTo>
<item key="63A58022-F151-EF9A-371B-86DB2ECDA9D2" value="true"/>
</engineerTo>
<useDomainConstraints>false</useDomainConstraints>
<use>1</use>
<logicalDatatype>LOGDT024</logicalDatatype>
<dataTypeSize>50</dataTypeSize>
<ownDataTypeParameters>50,,</ownDataTypeParameters>
</Attribute>
<Attribute name="owner_street" id="2A872B5C-2560-F3C4-B0C8-2C19D0CE362D">
<createdBy>gtan0021</createdBy>
<createdTime>2021-04-22 13:30:38 UTC</createdTime>
<commentInRDBMS><![CDATA[owner address street]]></commentInRDBMS>
<ownerDesignName>animaldoctor</ownerDesignName>
<engineerTo>
<item key="63A58022-F151-EF9A-371B-86DB2ECDA9D2" value="true"/>
</engineerTo>
<useDomainConstraints>false</useDomainConstraints>
<use>1</use>
<logicalDatatype>LOGDT024</logicalDatatype>
<dataTypeSize>30</dataTypeSize>
<ownDataTypeParameters>30,,</ownDataTypeParameters>
</Attribute>
<Attribute name="owner_town" id="B523636A-5EA2-3B23-EFD8-92367E3E758D">
<createdBy>gtan0021</createdBy>
<createdTime>2021-04-22 13:30:39 UTC</createdTime>
<commentInRDBMS><![CDATA[owner address town ]]></commentInRDBMS>
<ownerDesignName>animaldoctor</ownerDesignName>
<engineerTo>
<item key="63A58022-F151-EF9A-371B-86DB2ECDA9D2" value="true"/>
</engineerTo>
<useDomainConstraints>false</useDomainConstraints>
<use>1</use>
<logicalDatatype>LOGDT024</logicalDatatype>
<dataTypeSize>30</dataTypeSize>
<ownDataTypeParameters>30,,</ownDataTypeParameters>
</Attribute>
<Attribute name="owner_postcode" id="B18AC7C1-E4A1-E1F9-9B8B-914AF68C225A">
<createdBy>gtan0021</createdBy>
<createdTime>2021-04-22 13:30:39 UTC</createdTime>
<commentInRDBMS><![CDATA[owner address post code]]></commentInRDBMS>
<ownerDesignName>animaldoctor</ownerDesignName>
<engineerTo>
<item key="63A58022-F151-EF9A-371B-86DB2ECDA9D2" value="true"/>
</engineerTo>
<useDomainConstraints>false</useDomainConstraints>
<use>1</use>
<logicalDatatype>LOGDT025</logicalDatatype>
<dataTypeSize>4</dataTypeSize>
<ownDataTypeParameters>4,,</ownDataTypeParameters>
</Attribute>
<Attribute name="owner_phoneno" id="2283F7E4-3540-C9BB-3F59-8BF7D4C87EA6">
<createdBy>gtan0021</createdBy>
<createdTime>2021-04-22 13:30:40 UTC</createdTime>
<commentInRDBMS><![CDATA[owner phone number]]></commentInRDBMS>
<ownerDesignName>animaldoctor</ownerDesignName>
<engineerTo>
<item key="63A58022-F151-EF9A-371B-86DB2ECDA9D2" value="true"/>
</engineerTo>
<nullsAllowed>true</nullsAllowed>
<useDomainConstraints>false</useDomainConstraints>
<use>1</use>
<logicalDatatype>LOGDT025</logicalDatatype>
<dataTypeSize>10</dataTypeSize>
<ownDataTypeParameters>10,,</ownDataTypeParameters>
</Attribute>
<Attribute name="vet_id" id="FB36EF69-23C0-0292-7045-BC3E3F6F4CB3">
<createdBy>gtan0021</createdBy>
<createdTime>2021-04-26 13:11:15 UTC</createdTime>
<commentInRDBMS><![CDATA[vet id]]></commentInRDBMS>
<generatorID>5D9172D1-4997-E867-AAF5-9EF4A974A566</generatorID>
<ownerDesignName>animaldoctor</ownerDesignName>
<engineerTo>
<item key="63A58022-F151-EF9A-371B-86DB2ECDA9D2" value="true"/>
</engineerTo>
<referedAttribute>CC3743C6-B8BF-4B2F-D517-F7ED4CECCA32</referedAttribute>
<useDomainConstraints>false</useDomainConstraints>
<use>1</use>
<logicalDatatype>LOGDT019</logicalDatatype>
<dataTypePrecision>7</dataTypePrecision>
<ownDataTypeParameters>,7,</ownDataTypeParameters>
</Attribute>
</attributes>
<identifiers itemClass="oracle.dbtools.crest.model.design.logical.CandidateKey">
<identifier id="56C2A171-C8CF-9197-FE4D-06D055F9A62B" name="OWNER PK">
<createdBy>gtan0021</createdBy>
<createdTime>2021-04-22 13:31:57 UTC</createdTime>
<ownerDesignName>animaldoctor</ownerDesignName>
<engineerTo>
<item key="63A58022-F151-EF9A-371B-86DB2ECDA9D2" value="true"/>
</engineerTo>
<pk>true</pk>
<usedAttributes>
<attributeRef>3B76B420-60B7-1B8F-94C3-B844A4EB0F49</attributeRef>
</usedAttributes>
</identifier>
</identifiers>
</Entity>
