<?xml version = '1.0' encoding = 'UTF-8'?>
<Entity class="oracle.dbtools.crest.model.design.logical.Entity" directorySegmentName="seg_0" id="8D833F94-0EC9-13BC-859B-03F3DC0B90E1" name="PRESCRIPTION">
<createdBy>gtan0021</createdBy>
<createdTime>2021-04-22 14:29:17 UTC</createdTime>
<ownerDesignName>animaldoctor</ownerDesignName>
<engineerTo>
<item key="63A58022-F151-EF9A-371B-86DB2ECDA9D2" value="true"/>
</engineerTo>
<adequatelyNormalized>NO</adequatelyNormalized>
<expectedVolumes>0</expectedVolumes>
<fwdEngineeringStrategyName>Single Table</fwdEngineeringStrategyName>
<growthPercent>0</growthPercent>
<growthType>Year</growthType>
<maxVolumes>9999999</maxVolumes>
<minVolumes>0</minVolumes>
<normalForm>Third</normalForm>
<attributes itemClass="oracle.dbtools.crest.model.design.logical.Attribute">
<Attribute name="visit_id" id="C470BAC8-3EC0-214F-63BC-D872B16FD663">
<createdBy>gtan0021</createdBy>
<createdTime>2021-04-23 09:13:56 UTC</createdTime>
<commentInRDBMS><![CDATA[surrgoate visit id]]></commentInRDBMS>
<generatorID>D0203947-B01F-C152-BC9F-147A8D486E9E</generatorID>
<ownerDesignName>animaldoctor</ownerDesignName>
<engineerTo>
<item key="63A58022-F151-EF9A-371B-86DB2ECDA9D2" value="true"/>
</engineerTo>
<referedAttribute>BDE1A60D-1CC9-D2F4-B2BD-9EF0C27B6E2B</referedAttribute>
<useDomainConstraints>false</useDomainConstraints>
<use>1</use>
<logicalDatatype>LOGDT019</logicalDatatype>
<dataTypePrecision>7</dataTypePrecision>
<ownDataTypeParameters>,,</ownDataTypeParameters>
</Attribute>
<Attribute name="drug_id" id="5E74AB8B-3D67-DFBA-B533-B7780CD26340">
<createdBy>gtan0021</createdBy>
<createdTime>2021-04-23 09:00:49 UTC</createdTime>
<commentInRDBMS><![CDATA[drug id]]></commentInRDBMS>
<generatorID>829EB903-B872-67EB-2E9E-9766551D7412</generatorID>
<ownerDesignName>animaldoctor</ownerDesignName>
<engineerTo>
<item key="63A58022-F151-EF9A-371B-86DB2ECDA9D2" value="true"/>
</engineerTo>
<referedAttribute>11F31CAC-6B2D-F104-D7F3-50AA0C87BC53</referedAttribute>
<useDomainConstraints>false</useDomainConstraints>
<use>1</use>
<logicalDatatype>LOGDT019</logicalDatatype>
<dataTypePrecision>4</dataTypePrecision>
<ownDataTypeParameters>,,</ownDataTypeParameters>
</Attribute>
<Attribute name="prescription_drug_qtysupplied" id="8D9C8879-8913-E78A-003C-E9227D08E957">
<createdBy>gtan0021</createdBy>
<createdTime>2021-04-23 07:58:43 UTC</createdTime>
<commentInRDBMS><![CDATA[prescription drug quantity supplied]]></commentInRDBMS>
<ownerDesignName>animaldoctor</ownerDesignName>
<engineerTo>
<item key="63A58022-F151-EF9A-371B-86DB2ECDA9D2" value="true"/>
</engineerTo>
<nullsAllowed>true</nullsAllowed>
<useDomainConstraints>false</useDomainConstraints>
<use>1</use>
<logicalDatatype>LOGDT019</logicalDatatype>
<dataTypePrecision>5</dataTypePrecision>
<ownDataTypeParameters>,5,</ownDataTypeParameters>
</Attribute>
<Attribute name="prescription_drug_cost" id="AB2BF967-46B5-E14F-BE79-328A8D1E2132">
<createdBy>gtan0021</createdBy>
<createdTime>2021-04-23 07:58:43 UTC</createdTime>
<commentInRDBMS><![CDATA[prescription final drug cost  (may been modified by vet)]]></commentInRDBMS>
<ownerDesignName>animaldoctor</ownerDesignName>
<engineerTo>
<item key="63A58022-F151-EF9A-371B-86DB2ECDA9D2" value="true"/>
</engineerTo>
<useDomainConstraints>false</useDomainConstraints>
<use>1</use>
<logicalDatatype>LOGDT019</logicalDatatype>
<dataTypePrecision>6</dataTypePrecision>
<dataTypeScale>2</dataTypeScale>
<ownDataTypeParameters>,6,2</ownDataTypeParameters>
</Attribute>
<Attribute name="prescription_drug_dose" id="B54D2E33-566B-7D1E-8D04-7D93F9CA7C89">
<createdBy>gtan0021</createdBy>
<createdTime>2021-04-22 14:29:28 UTC</createdTime>
<commentInRDBMS><![CDATA[prescription drug dose]]></commentInRDBMS>
<ownerDesignName>animaldoctor</ownerDesignName>
<engineerTo>
<item key="63A58022-F151-EF9A-371B-86DB2ECDA9D2" value="true"/>
</engineerTo>
<useDomainConstraints>false</useDomainConstraints>
<use>1</use>
<logicalDatatype>LOGDT024</logicalDatatype>
<dataTypeSize>20</dataTypeSize>
<ownDataTypeParameters>20,,</ownDataTypeParameters>
</Attribute>
<Attribute name="prescription_freq_admin" id="005A7AC8-F4E5-E346-2115-097670F5B235">
<createdBy>gtan0021</createdBy>
<createdTime>2021-04-22 14:29:28 UTC</createdTime>
<commentInRDBMS><![CDATA[prescription frequency administration]]></commentInRDBMS>
<ownerDesignName>animaldoctor</ownerDesignName>
<engineerTo>
<item key="63A58022-F151-EF9A-371B-86DB2ECDA9D2" value="true"/>
</engineerTo>
<useDomainConstraints>false</useDomainConstraints>
<use>1</use>
<logicalDatatype>LOGDT024</logicalDatatype>
<dataTypeSize>50</dataTypeSize>
<ownDataTypeParameters>50,,</ownDataTypeParameters>
</Attribute>
</attributes>
<identifiers itemClass="oracle.dbtools.crest.model.design.logical.CandidateKey">
<identifier id="F3A2BC79-C1D6-B7A9-8D63-C7194A0A01CB" name="PRESCRIPTION PK">
<createdBy>gtan0021</createdBy>
<createdTime>2021-04-23 09:01:06 UTC</createdTime>
<ownerDesignName>animaldoctor</ownerDesignName>
<shouldEngineer>false</shouldEngineer>
<engineerTo>
<item key="63A58022-F151-EF9A-371B-86DB2ECDA9D2" value="false"/>
</engineerTo>
<pk>true</pk>
<usedAttributes>
<attributeRef>5E74AB8B-3D67-DFBA-B533-B7780CD26340</attributeRef>
<attributeRef>C470BAC8-3EC0-214F-63BC-D872B16FD663</attributeRef>
</usedAttributes>
</identifier>
</identifiers>
</Entity>
