<?xml version = '1.0' encoding = 'UTF-8'?>
<Entity class="oracle.dbtools.crest.model.design.logical.Entity" directorySegmentName="seg_0" id="D49D3125-66BE-E584-6625-3F0BBD7B9CB4" name="ANIMAL_TYPE">
<createdBy>gtan0021</createdBy>
<createdTime>2021-04-23 08:07:28 UTC</createdTime>
<ownerDesignName>animaldoctor</ownerDesignName>
<engineerTo>
<item key="63A58022-F151-EF9A-371B-86DB2ECDA9D2" value="true"/>
</engineerTo>
<adequatelyNormalized>NO</adequatelyNormalized>
<expectedVolumes>0</expectedVolumes>
<fwdEngineeringStrategyName>Single Table</fwdEngineeringStrategyName>
<growthPercent>0</growthPercent>
<growthType>Year</growthType>
<maxVolumes>9999999</maxVolumes>
<minVolumes>0</minVolumes>
<normalForm>Third</normalForm>
<attributes itemClass="oracle.dbtools.crest.model.design.logical.Attribute">
<Attribute name="atype_id" id="02BE7690-0A6D-4CF3-BD7C-F5556A55B417">
<createdBy>gtan0021</createdBy>
<createdTime>2021-04-23 08:07:36 UTC</createdTime>
<commentInRDBMS><![CDATA[animal type id]]></commentInRDBMS>
<ownerDesignName>animaldoctor</ownerDesignName>
<engineerTo>
<item key="63A58022-F151-EF9A-371B-86DB2ECDA9D2" value="true"/>
</engineerTo>
<useDomainConstraints>false</useDomainConstraints>
<use>1</use>
<logicalDatatype>LOGDT019</logicalDatatype>
<dataTypePrecision>7</dataTypePrecision>
<ownDataTypeParameters>,7,</ownDataTypeParameters>
</Attribute>
<Attribute name="atype_name" id="671F60E9-96F9-FC4E-5622-C4DD0E0F45A4">
<createdBy>gtan0021</createdBy>
<createdTime>2021-04-23 08:07:37 UTC</createdTime>
<commentInRDBMS><![CDATA[animal type name]]></commentInRDBMS>
<ownerDesignName>animaldoctor</ownerDesignName>
<engineerTo>
<item key="63A58022-F151-EF9A-371B-86DB2ECDA9D2" value="true"/>
</engineerTo>
<useDomainConstraints>false</useDomainConstraints>
<use>1</use>
<logicalDatatype>LOGDT024</logicalDatatype>
<dataTypeSize>50</dataTypeSize>
<ownDataTypeParameters>50,,</ownDataTypeParameters>
</Attribute>
</attributes>
<identifiers itemClass="oracle.dbtools.crest.model.design.logical.CandidateKey">
<identifier id="D4D60A78-E760-1847-D33E-B3B8EC826A37" name="ANIMAL_TYPE PK">
<createdBy>gtan0021</createdBy>
<createdTime>2021-04-23 08:07:54 UTC</createdTime>
<ownerDesignName>animaldoctor</ownerDesignName>
<shouldEngineer>false</shouldEngineer>
<engineerTo>
<item key="63A58022-F151-EF9A-371B-86DB2ECDA9D2" value="false"/>
</engineerTo>
<pk>true</pk>
<usedAttributes>
<attributeRef>02BE7690-0A6D-4CF3-BD7C-F5556A55B417</attributeRef>
</usedAttributes>
</identifier>
<identifier id="124BCF54-13DC-5F48-B186-5B36098A7C01" name="un_animal_type">
<createdBy>gtan0021</createdBy>
<createdTime>2021-04-23 08:47:19 UTC</createdTime>
<ownerDesignName>animaldoctor</ownerDesignName>
<shouldEngineer>false</shouldEngineer>
<engineerTo>
<item key="63A58022-F151-EF9A-371B-86DB2ECDA9D2" value="false"/>
</engineerTo>
<newElementsIDs>671F60E9-96F9-FC4E-5622-C4DD0E0F45A4</newElementsIDs>
<usedAttributes>
<attributeRef>671F60E9-96F9-FC4E-5622-C4DD0E0F45A4</attributeRef>
</usedAttributes>
</identifier>
</identifiers>
</Entity>
