<?xml version = '1.0' encoding = 'UTF-8'?>
<Entity class="oracle.dbtools.crest.model.design.logical.Entity" directorySegmentName="seg_0" id="EA6C9C55-C3FE-8EBF-9B5B-286656DD769C" name="SERVICE">
<createdBy>gtan0021</createdBy>
<createdTime>2021-04-22 14:05:44 UTC</createdTime>
<ownerDesignName>animaldoctor</ownerDesignName>
<engineerTo>
<item key="63A58022-F151-EF9A-371B-86DB2ECDA9D2" value="true"/>
</engineerTo>
<adequatelyNormalized>NO</adequatelyNormalized>
<expectedVolumes>0</expectedVolumes>
<fwdEngineeringStrategyName>Single Table</fwdEngineeringStrategyName>
<growthPercent>0</growthPercent>
<growthType>Year</growthType>
<maxVolumes>9999999</maxVolumes>
<minVolumes>0</minVolumes>
<normalForm>Third</normalForm>
<attributes itemClass="oracle.dbtools.crest.model.design.logical.Attribute">
<Attribute name="service_code" id="27F70F63-13E6-C34C-0D1E-0B362F12F3BF">
<createdBy>gtan0021</createdBy>
<createdTime>2021-04-23 08:44:30 UTC</createdTime>
<commentInRDBMS><![CDATA[service code]]></commentInRDBMS>
<generatorID>5F9F4550-E871-8300-36E6-65EB5CD71401</generatorID>
<ownerDesignName>animaldoctor</ownerDesignName>
<engineerTo>
<item key="63A58022-F151-EF9A-371B-86DB2ECDA9D2" value="true"/>
</engineerTo>
<referedAttribute>438C42AC-0017-12C6-CECF-C13CE1CD1BFC</referedAttribute>
<useDomainConstraints>false</useDomainConstraints>
<use>1</use>
<logicalDatatype>LOGDT024</logicalDatatype>
<dataTypeSize>10</dataTypeSize>
<ownDataTypeParameters>,,</ownDataTypeParameters>
</Attribute>
<Attribute name="visit_id" id="16EFB9E6-7E79-9F54-EBAB-FCB31BCFF01B">
<createdBy>gtan0021</createdBy>
<createdTime>2021-04-23 09:14:01 UTC</createdTime>
<commentInRDBMS><![CDATA[surrgoate visit id]]></commentInRDBMS>
<generatorID>E8AF2432-239E-A345-ECA1-DDF44F13CF75</generatorID>
<ownerDesignName>animaldoctor</ownerDesignName>
<engineerTo>
<item key="63A58022-F151-EF9A-371B-86DB2ECDA9D2" value="true"/>
</engineerTo>
<referedAttribute>BDE1A60D-1CC9-D2F4-B2BD-9EF0C27B6E2B</referedAttribute>
<useDomainConstraints>false</useDomainConstraints>
<use>1</use>
<logicalDatatype>LOGDT019</logicalDatatype>
<dataTypePrecision>7</dataTypePrecision>
<ownDataTypeParameters>,7,</ownDataTypeParameters>
</Attribute>
<Attribute name="service_cost" id="A63CAEC3-D170-DE59-87F9-F1AFFAA38493">
<createdBy>gtan0021</createdBy>
<createdTime>2021-04-22 14:05:55 UTC</createdTime>
<commentInRDBMS><![CDATA[service cost]]></commentInRDBMS>
<ownerDesignName>animaldoctor</ownerDesignName>
<engineerTo>
<item key="63A58022-F151-EF9A-371B-86DB2ECDA9D2" value="true"/>
</engineerTo>
<useDomainConstraints>false</useDomainConstraints>
<use>1</use>
<logicalDatatype>LOGDT019</logicalDatatype>
<dataTypePrecision>6</dataTypePrecision>
<dataTypeScale>2</dataTypeScale>
<ownDataTypeParameters>,6,2</ownDataTypeParameters>
</Attribute>
</attributes>
<identifiers itemClass="oracle.dbtools.crest.model.design.logical.CandidateKey">
<identifier id="B0DFDD02-CABA-B335-CDCB-E4F3608BF57A" name="SERVICE PK">
<createdBy>gtan0021</createdBy>
<createdTime>2021-04-22 14:06:21 UTC</createdTime>
<ownerDesignName>animaldoctor</ownerDesignName>
<shouldEngineer>false</shouldEngineer>
<engineerTo>
<item key="63A58022-F151-EF9A-371B-86DB2ECDA9D2" value="false"/>
</engineerTo>
<pk>true</pk>
<usedAttributes>
<attributeRef>27F70F63-13E6-C34C-0D1E-0B362F12F3BF</attributeRef>
<attributeRef>16EFB9E6-7E79-9F54-EBAB-FCB31BCFF01B</attributeRef>
</usedAttributes>
</identifier>
</identifiers>
</Entity>
