<?xml version = '1.0' encoding = 'UTF-8'?>
<Entity class="oracle.dbtools.crest.model.design.logical.Entity" directorySegmentName="seg_0" id="ECD3A245-E15C-6399-E1B5-25C730F10F4C" name="ROVE">
<createdBy>gtan0021</createdBy>
<createdTime>2021-04-26 04:16:06 UTC</createdTime>
<ownerDesignName>animaldoctor</ownerDesignName>
<engineerTo>
<item key="63A58022-F151-EF9A-371B-86DB2ECDA9D2" value="true"/>
</engineerTo>
<adequatelyNormalized>NO</adequatelyNormalized>
<expectedVolumes>0</expectedVolumes>
<fwdEngineeringStrategyName>Single Table</fwdEngineeringStrategyName>
<growthPercent>0</growthPercent>
<growthType>Year</growthType>
<maxVolumes>9999999</maxVolumes>
<minVolumes>0</minVolumes>
<normalForm>Third</normalForm>
<attributes itemClass="oracle.dbtools.crest.model.design.logical.Attribute">
<Attribute name="vet_id" id="D5AABFD3-EABA-8CE4-FA3C-18CED92A4041">
<createdBy>gtan0021</createdBy>
<createdTime>2021-04-26 04:18:29 UTC</createdTime>
<commentInRDBMS><![CDATA[vet id]]></commentInRDBMS>
<generatorID>4AB0A83E-2FA5-BD1D-78E3-BFB8E83711B5</generatorID>
<ownerDesignName>animaldoctor</ownerDesignName>
<engineerTo>
<item key="63A58022-F151-EF9A-371B-86DB2ECDA9D2" value="true"/>
</engineerTo>
<referedAttribute>CC3743C6-B8BF-4B2F-D517-F7ED4CECCA32</referedAttribute>
<useDomainConstraints>false</useDomainConstraints>
<use>1</use>
<logicalDatatype>LOGDT019</logicalDatatype>
<dataTypePrecision>7</dataTypePrecision>
<ownDataTypeParameters>,,</ownDataTypeParameters>
</Attribute>
<Attribute name="clinic_id" id="D07FF857-2A13-481E-3890-1FA1CED609B6">
<createdBy>gtan0021</createdBy>
<createdTime>2021-04-26 04:20:28 UTC</createdTime>
<commentInRDBMS><![CDATA[clinic id]]></commentInRDBMS>
<generatorID>2D8D8DB0-157B-4BC5-10C1-28E0ACA896B0</generatorID>
<ownerDesignName>animaldoctor</ownerDesignName>
<engineerTo>
<item key="63A58022-F151-EF9A-371B-86DB2ECDA9D2" value="true"/>
</engineerTo>
<referedAttribute>27EB4B8F-7AE2-9307-71F2-519D6C2BA928</referedAttribute>
<useDomainConstraints>false</useDomainConstraints>
<use>1</use>
<logicalDatatype>LOGDT019</logicalDatatype>
<dataTypePrecision>10</dataTypePrecision>
<ownDataTypeParameters>,,</ownDataTypeParameters>
</Attribute>
<Attribute name="rove_vet_count" id="FE92AF1A-53D8-0A84-CC66-02E0E25BCA53">
<createdBy>gtan0021</createdBy>
<createdTime>2021-04-26 04:16:21 UTC</createdTime>
<commentInRDBMS><![CDATA[rove vet count, how many times a vet serviced a visit at clinics which are not their home clinic ]]></commentInRDBMS>
<ownerDesignName>animaldoctor</ownerDesignName>
<engineerTo>
<item key="63A58022-F151-EF9A-371B-86DB2ECDA9D2" value="true"/>
</engineerTo>
<useDomainConstraints>false</useDomainConstraints>
<use>1</use>
<logicalDatatype>LOGDT019</logicalDatatype>
<dataTypePrecision>7</dataTypePrecision>
<ownDataTypeParameters>,7,</ownDataTypeParameters>
</Attribute>
</attributes>
<identifiers itemClass="oracle.dbtools.crest.model.design.logical.CandidateKey">
<identifier id="776C5625-3FFB-110B-148A-E30574488705" name="ROVE PK">
<createdBy>gtan0021</createdBy>
<createdTime>2021-04-26 04:19:59 UTC</createdTime>
<ownerDesignName>animaldoctor</ownerDesignName>
<engineerTo>
<item key="63A58022-F151-EF9A-371B-86DB2ECDA9D2" value="true"/>
</engineerTo>
<pk>true</pk>
<usedAttributes>
<attributeRef>D5AABFD3-EABA-8CE4-FA3C-18CED92A4041</attributeRef>
<attributeRef>D07FF857-2A13-481E-3890-1FA1CED609B6</attributeRef>
</usedAttributes>
</identifier>
</identifiers>
</Entity>
