<?xml version = '1.0' encoding = 'UTF-8'?>
<Entity class="oracle.dbtools.crest.model.design.logical.Entity" directorySegmentName="seg_0" id="ED857386-F631-EC09-D0B4-F6723A07BBBF" name="VISIT">
<createdBy>gtan0021</createdBy>
<createdTime>2021-04-22 13:54:19 UTC</createdTime>
<ownerDesignName>animaldoctor</ownerDesignName>
<engineerTo>
<item key="63A58022-F151-EF9A-371B-86DB2ECDA9D2" value="true"/>
</engineerTo>
<adequatelyNormalized>NO</adequatelyNormalized>
<expectedVolumes>0</expectedVolumes>
<fwdEngineeringStrategyName>Single Table</fwdEngineeringStrategyName>
<growthPercent>0</growthPercent>
<growthType>Year</growthType>
<maxVolumes>9999999</maxVolumes>
<minVolumes>0</minVolumes>
<normalForm>Third</normalForm>
<attributes itemClass="oracle.dbtools.crest.model.design.logical.Attribute">
<Attribute name="visit_id" id="BDE1A60D-1CC9-D2F4-B2BD-9EF0C27B6E2B">
<createdBy>gtan0021</createdBy>
<createdTime>2021-04-23 09:13:46 UTC</createdTime>
<commentInRDBMS><![CDATA[surrgoate visit id]]></commentInRDBMS>
<ownerDesignName>animaldoctor</ownerDesignName>
<engineerTo>
<item key="63A58022-F151-EF9A-371B-86DB2ECDA9D2" value="true"/>
</engineerTo>
<useDomainConstraints>false</useDomainConstraints>
<use>1</use>
<logicalDatatype>LOGDT019</logicalDatatype>
<dataTypePrecision>7</dataTypePrecision>
<ownDataTypeParameters>,7,</ownDataTypeParameters>
</Attribute>
<Attribute name="visit_datetime" id="CB9E8959-4725-CF33-8231-CEFB0860E9C0">
<createdBy>gtan0021</createdBy>
<createdTime>2021-04-22 13:54:31 UTC</createdTime>
<commentInRDBMS><![CDATA[visit datetime]]></commentInRDBMS>
<ownerDesignName>animaldoctor</ownerDesignName>
<engineerTo>
<item key="63A58022-F151-EF9A-371B-86DB2ECDA9D2" value="true"/>
</engineerTo>
<useDomainConstraints>false</useDomainConstraints>
<use>1</use>
<logicalDatatype>LOGDT007</logicalDatatype>
<ownDataTypeParameters>,,</ownDataTypeParameters>
</Attribute>
<Attribute name="visit_total_amount" id="64481E29-794E-BD0F-CEE0-CF904B6C6E1B">
<createdBy>gtan0021</createdBy>
<createdTime>2021-04-22 13:54:32 UTC</createdTime>
<commentInRDBMS><![CDATA[visit total amount paid]]></commentInRDBMS>
<ownerDesignName>animaldoctor</ownerDesignName>
<engineerTo>
<item key="63A58022-F151-EF9A-371B-86DB2ECDA9D2" value="true"/>
</engineerTo>
<useDomainConstraints>false</useDomainConstraints>
<use>1</use>
<logicalDatatype>LOGDT019</logicalDatatype>
<dataTypePrecision>7</dataTypePrecision>
<dataTypeScale>2</dataTypeScale>
<ownDataTypeParameters>,7,2</ownDataTypeParameters>
</Attribute>
<Attribute name="visit_paidby" id="69462414-FBEE-7954-F976-A8570304BE0F">
<createdBy>gtan0021</createdBy>
<createdTime>2021-04-22 13:54:33 UTC</createdTime>
<commentInRDBMS><![CDATA[visit paid by method (C/E)]]></commentInRDBMS>
<ownerDesignName>animaldoctor</ownerDesignName>
<engineerTo>
<item key="63A58022-F151-EF9A-371B-86DB2ECDA9D2" value="true"/>
</engineerTo>
<constraintName>chk_visit_paidby</constraintName>
<useDomainConstraints>false</useDomainConstraints>
<use>1</use>
<logicalDatatype>LOGDT025</logicalDatatype>
<dataTypeSize>1</dataTypeSize>
<listOfValues>
<valueDef value="C" description="Visit paid by Cash"/>
<valueDef value="E" description="Visit paid by EFT"/>
</listOfValues>
<ownDataTypeParameters>1,,</ownDataTypeParameters>
</Attribute>
<Attribute name="visit_length" id="B8C0EC3B-55C0-B8BC-26A1-04D47D24AB11">
<createdBy>gtan0021</createdBy>
<createdTime>2021-04-22 14:18:53 UTC</createdTime>
<commentInRDBMS><![CDATA[visit length]]></commentInRDBMS>
<ownerDesignName>animaldoctor</ownerDesignName>
<engineerTo>
<item key="63A58022-F151-EF9A-371B-86DB2ECDA9D2" value="true"/>
</engineerTo>
<useDomainConstraints>false</useDomainConstraints>
<use>1</use>
<logicalDatatype>LOGDT024</logicalDatatype>
<dataTypeSize>30</dataTypeSize>
<ownDataTypeParameters>30,,</ownDataTypeParameters>
</Attribute>
<Attribute name="visit_condition_notes" id="CEE4AF3F-8206-4A65-57B4-56594BC87B9E">
<createdBy>gtan0021</createdBy>
<createdTime>2021-04-22 14:18:53 UTC</createdTime>
<commentInRDBMS><![CDATA[visit condition notes]]></commentInRDBMS>
<ownerDesignName>animaldoctor</ownerDesignName>
<engineerTo>
<item key="63A58022-F151-EF9A-371B-86DB2ECDA9D2" value="true"/>
</engineerTo>
<useDomainConstraints>false</useDomainConstraints>
<use>1</use>
<logicalDatatype>LOGDT024</logicalDatatype>
<dataTypeSize>100</dataTypeSize>
<ownDataTypeParameters>100,,</ownDataTypeParameters>
</Attribute>
<Attribute name="vet_id" id="B7240BCA-4424-E8D2-4BB1-980D89BD20F9">
<createdBy>gtan0021</createdBy>
<createdTime>2021-04-23 08:56:23 UTC</createdTime>
<commentInRDBMS><![CDATA[vet id]]></commentInRDBMS>
<generatorID>4001D751-E98F-CEC2-5EDF-2DAD85945D2A</generatorID>
<ownerDesignName>animaldoctor</ownerDesignName>
<engineerTo>
<item key="63A58022-F151-EF9A-371B-86DB2ECDA9D2" value="true"/>
</engineerTo>
<referedAttribute>CC3743C6-B8BF-4B2F-D517-F7ED4CECCA32</referedAttribute>
<useDomainConstraints>false</useDomainConstraints>
<use>1</use>
<logicalDatatype>LOGDT019</logicalDatatype>
<dataTypePrecision>7</dataTypePrecision>
<ownDataTypeParameters>,7,</ownDataTypeParameters>
</Attribute>
<Attribute name="animal_id" id="17E96338-B399-917E-25BB-E18803FA422B">
<createdBy>gtan0021</createdBy>
<createdTime>2021-04-23 08:59:24 UTC</createdTime>
<commentInRDBMS><![CDATA[animal id]]></commentInRDBMS>
<generatorID>325B17DF-ACCB-F620-0C61-3172EC73FCE2</generatorID>
<ownerDesignName>animaldoctor</ownerDesignName>
<engineerTo>
<item key="63A58022-F151-EF9A-371B-86DB2ECDA9D2" value="true"/>
</engineerTo>
<referedAttribute>4F1F378C-4F06-5907-94CF-88CDBD90C2D4</referedAttribute>
<useDomainConstraints>false</useDomainConstraints>
<use>1</use>
<logicalDatatype>LOGDT019</logicalDatatype>
<dataTypePrecision>7</dataTypePrecision>
<ownDataTypeParameters>,7,</ownDataTypeParameters>
</Attribute>
<Attribute name="clinic_id" id="9ABB3CBD-BC37-2854-BDDB-7AA1762C8F80">
<createdBy>gtan0021</createdBy>
<createdTime>2021-04-23 09:06:02 UTC</createdTime>
<commentInRDBMS><![CDATA[clinic id]]></commentInRDBMS>
<generatorID>A18E4BA0-50C0-F88E-9429-68F3DE646D61</generatorID>
<ownerDesignName>animaldoctor</ownerDesignName>
<engineerTo>
<item key="63A58022-F151-EF9A-371B-86DB2ECDA9D2" value="true"/>
</engineerTo>
<referedAttribute>27EB4B8F-7AE2-9307-71F2-519D6C2BA928</referedAttribute>
<useDomainConstraints>false</useDomainConstraints>
<use>1</use>
<logicalDatatype>LOGDT019</logicalDatatype>
<dataTypePrecision>10</dataTypePrecision>
<ownDataTypeParameters>,10,</ownDataTypeParameters>
</Attribute>
<Attribute name="visit_id_follow_up" id="17C50A9A-07BF-18F2-D189-B21A30640C14">
<createdBy>gtan0021</createdBy>
<createdTime>2021-04-25 13:32:50 UTC</createdTime>
<commentInRDBMS><![CDATA[surrgoate visit id]]></commentInRDBMS>
<generatorID>393C92E2-C5B4-2CD9-9BD2-C21D4FCA33EB</generatorID>
<ownerDesignName>animaldoctor</ownerDesignName>
<engineerTo>
<item key="63A58022-F151-EF9A-371B-86DB2ECDA9D2" value="true"/>
</engineerTo>
<nullsAllowed>true</nullsAllowed>
<referedAttribute>BDE1A60D-1CC9-D2F4-B2BD-9EF0C27B6E2B</referedAttribute>
<useDomainConstraints>false</useDomainConstraints>
<use>1</use>
<logicalDatatype>LOGDT019</logicalDatatype>
<dataTypePrecision>7</dataTypePrecision>
<ownDataTypeParameters>,7,</ownDataTypeParameters>
</Attribute>
</attributes>
<identifiers itemClass="oracle.dbtools.crest.model.design.logical.CandidateKey">
<identifier id="85F433E6-86A1-96DA-287A-CDE6C9C82FF2" name="VISIT PK">
<createdBy>gtan0021</createdBy>
<createdTime>2021-04-23 09:13:56 UTC</createdTime>
<ownerDesignName>animaldoctor</ownerDesignName>
<shouldEngineer>false</shouldEngineer>
<engineerTo>
<item key="63A58022-F151-EF9A-371B-86DB2ECDA9D2" value="false"/>
</engineerTo>
<pk>true</pk>
<usedAttributes>
<attributeRef>BDE1A60D-1CC9-D2F4-B2BD-9EF0C27B6E2B</attributeRef>
</usedAttributes>
</identifier>
<identifier id="B306D307-1E45-B045-9DFD-5D258984A10F" name="un_vet_id_visit_datetime">
<createdBy>gtan0021</createdBy>
<createdTime>2021-04-23 09:14:45 UTC</createdTime>
<ownerDesignName>animaldoctor</ownerDesignName>
<shouldEngineer>false</shouldEngineer>
<engineerTo>
<item key="63A58022-F151-EF9A-371B-86DB2ECDA9D2" value="false"/>
</engineerTo>
<newElementsIDs>CB9E8959-4725-CF33-8231-CEFB0860E9C0,4001D751-E98F-CEC2-5EDF-2DAD85945D2A</newElementsIDs>
<usedAttributes>
<attributeRef>CB9E8959-4725-CF33-8231-CEFB0860E9C0</attributeRef>
<attributeRef>B7240BCA-4424-E8D2-4BB1-980D89BD20F9</attributeRef>
</usedAttributes>
</identifier>
</identifiers>
</Entity>
