<?xml version = '1.0' encoding = 'UTF-8'?>
<Diagram class="oracle.dbtools.crest.swingui.logical.DPVLogical" name="Logical" id="DCBC9F4B-AC1F-E94B-DE35-845029452DC2">
<createdBy>gtan0021</createdBy>
<modifiedBy>gtan0021</modifiedBy>
<createdTime>2021-04-22 13:14:46 UTC</createdTime>
<autoRoute>false</autoRoute>
<boxInbox>true</boxInbox>
<showLegend>true</showLegend>
<showLabels>true</showLabels>
<showRelAttributes>false</showRelAttributes>
<gridEnabled>false</gridEnabled>
<showGrid>false</showGrid>
<diagramColor>-1</diagramColor>
<display>false</display>
<notation>2</notation>
<showAllDetails>false</showAllDetails>
<showElements>true</showElements>
<objectViews>
<OView class="oracle.dbtools.crest.swingui.TVLegend" oid="0BF3F21E-F444-226A-98B5-6F047FDD2E41" otype="Legend" vid="7AB1D43F-4652-E053-EEA6-3E69DDEB7217">
<hideElementsInCurrentOnly>false</hideElementsInCurrentOnly>
<bounds x="10" y="10" width="232" height="135"/>
</OView>
<OView class="oracle.dbtools.crest.swingui.logical.TVEntity" oid="1B70709E-A403-3106-A32C-6A53BD139D22" otype="Entity" vid="6E37387F-A912-FB0B-6BD9-6787DFFCB65D">
<hideElementsInCurrentOnly>false</hideElementsInCurrentOnly>
<bounds x="295" y="493" width="178" height="145"/>
</OView>
<OView class="oracle.dbtools.crest.swingui.logical.TVEntity" oid="2BC573C6-6B19-94ED-3210-0A0270B90292" otype="Entity" vid="9F075B0A-09B1-0F07-BD59-282D917536EE">
<hideElementsInCurrentOnly>false</hideElementsInCurrentOnly>
<bounds x="560" y="495" width="170" height="117"/>
</OView>
<OView class="oracle.dbtools.crest.swingui.logical.TVEntity" oid="5083E2FC-F48C-28F3-DB4F-580D6B35DF23" otype="Entity" vid="98752BEA-E31F-17B3-9146-CD3A4BCFA773">
<hideElementsInCurrentOnly>false</hideElementsInCurrentOnly>
<bounds x="820" y="334" width="170" height="123"/>
</OView>
<OView class="oracle.dbtools.crest.swingui.logical.TVEntity" oid="68405928-85CD-ADC3-BF4F-F43BAFEF998A" otype="Entity" vid="F76D49FC-3A95-A261-F75E-6A2090915D52">
<hideElementsInCurrentOnly>false</hideElementsInCurrentOnly>
<bounds x="3" y="417" width="170" height="113"/>
</OView>
<OView class="oracle.dbtools.crest.swingui.logical.TVEntity" oid="809E4E74-5C79-FE1D-B2B1-17A5BE2B12C5" otype="Entity" vid="D741A472-CA76-FE92-14F8-AF2E136C89EA">
<hideElementsInCurrentOnly>false</hideElementsInCurrentOnly>
<bounds x="798" y="60" width="185" height="159"/>
</OView>
<OView class="oracle.dbtools.crest.swingui.logical.TVEntity" oid="80A7101F-001C-791D-1733-AA2F5ADA2679" otype="Entity" vid="CD5F8F8A-286E-874A-29AC-03673D2B142B">
<hideElementsInCurrentOnly>false</hideElementsInCurrentOnly>
<bounds x="575" y="665" width="170" height="146"/>
</OView>
<OView class="oracle.dbtools.crest.swingui.logical.TVEntity" oid="8D833F94-0EC9-13BC-859B-03F3DC0B90E1" otype="Entity" vid="1C2569DD-9077-BA1C-2E2A-DAB21A99376A">
<hideElementsInCurrentOnly>false</hideElementsInCurrentOnly>
<bounds x="560" y="318" width="170" height="115"/>
</OView>
<OView class="oracle.dbtools.crest.swingui.logical.TVEntity" oid="CAFFC1E4-460A-B943-CFD2-04EF0C452D52" otype="Entity" vid="075C53C7-17DD-DCFF-61AF-171C5C3E797F">
<hideElementsInCurrentOnly>false</hideElementsInCurrentOnly>
<bounds x="300" y="64" width="170" height="116"/>
</OView>
<OView class="oracle.dbtools.crest.swingui.logical.TVEntity" oid="D49D3125-66BE-E584-6625-3F0BBD7B9CB4" otype="Entity" vid="4F347BC3-2A2D-B253-82C1-4F6119EB01C6">
<hideElementsInCurrentOnly>false</hideElementsInCurrentOnly>
<bounds x="297" y="699" width="170" height="116"/>
</OView>
<OView class="oracle.dbtools.crest.swingui.logical.TVEntity" oid="EA6C9C55-C3FE-8EBF-9B5B-286656DD769C" otype="Entity" vid="64A9AB91-308C-01C4-8AA8-4DAA144DA23F">
<hideElementsInCurrentOnly>false</hideElementsInCurrentOnly>
<bounds x="6" y="233" width="170" height="114"/>
</OView>
<OView class="oracle.dbtools.crest.swingui.logical.TVEntity" oid="ECD3A245-E15C-6399-E1B5-25C730F10F4C" otype="Entity" vid="3E8347DE-B4B2-DBF3-3B4A-2B693170529F">
<hideElementsInCurrentOnly>false</hideElementsInCurrentOnly>
<bounds x="542" y="70" width="170" height="113"/>
</OView>
<OView class="oracle.dbtools.crest.swingui.logical.TVEntity" oid="ED857386-F631-EC09-D0B4-F6723A07BBBF" otype="Entity" vid="F3624C0C-B724-3441-F3B6-DCFEC0D91351">
<hideElementsInCurrentOnly>false</hideElementsInCurrentOnly>
<bounds x="296" y="267" width="179" height="167"/>
</OView>
</objectViews>
<connectors>
<Connector class="oracle.dbtools.crest.swingui.logical.TVRelation" oid="19D48CF5-951F-CBCB-8DB9-0A25C3477D6D" otype="Relation" vid_source="4F347BC3-2A2D-B253-82C1-4F6119EB01C6" vid_target="6E37387F-A912-FB0B-6BD9-6787DFFCB65D">
<hideElementsInCurrentOnly>false</hideElementsInCurrentOnly>
<backgroundColor>-16777216</backgroundColor>
<lineWidth>1</lineWidth>
<sourceLabel class="oracle.dbtools.crest.model.design.Label">
<site>0</site>
<labelBounds x="382" y="662" width="24" height="31"/>
<noBackgroundColor>true</noBackgroundColor>
<noForegroundColor>true</noForegroundColor>
</sourceLabel>
<targetLabel class="oracle.dbtools.crest.model.design.Label">
<site>2</site>
<labelBounds x="382" y="675" width="18" height="31"/>
<noBackgroundColor>true</noBackgroundColor>
<noForegroundColor>true</noForegroundColor>
</targetLabel>
<points>
<point x="382" y="699"/>
<point x="382" y="638"/>
</points>
</Connector>
<Connector class="oracle.dbtools.crest.swingui.logical.TVRelation" oid="2D8D8DB0-157B-4BC5-10C1-28E0ACA896B0" otype="Relation" vid_source="075C53C7-17DD-DCFF-61AF-171C5C3E797F" vid_target="3E8347DE-B4B2-DBF3-3B4A-2B693170529F">
<hideElementsInCurrentOnly>false</hideElementsInCurrentOnly>
<backgroundColor>-16777216</backgroundColor>
<lineWidth>1</lineWidth>
<sourceLabel class="oracle.dbtools.crest.model.design.Label">
<site>0</site>
<labelBounds x="480" y="106" width="25" height="34"/>
<noBackgroundColor>true</noBackgroundColor>
<noForegroundColor>true</noForegroundColor>
</sourceLabel>
<targetLabel class="oracle.dbtools.crest.model.design.Label">
<site>2</site>
<labelBounds x="520" y="143" width="16" height="36"/>
<noBackgroundColor>true</noBackgroundColor>
<noForegroundColor>true</noForegroundColor>
</targetLabel>
<points>
<point x="470" y="140"/>
<point x="542" y="140"/>
</points>
</Connector>
<Connector class="oracle.dbtools.crest.swingui.logical.TVRelation" oid="325B17DF-ACCB-F620-0C61-3172EC73FCE2" otype="Relation" vid_source="6E37387F-A912-FB0B-6BD9-6787DFFCB65D" vid_target="F3624C0C-B724-3441-F3B6-DCFEC0D91351">
<hideElementsInCurrentOnly>false</hideElementsInCurrentOnly>
<backgroundColor>-16777216</backgroundColor>
<lineWidth>1</lineWidth>
<sourceLabel class="oracle.dbtools.crest.model.design.Label">
<site>0</site>
<labelBounds x="384" y="448" width="49" height="31"/>
<noBackgroundColor>true</noBackgroundColor>
<noForegroundColor>true</noForegroundColor>
</sourceLabel>
<targetLabel class="oracle.dbtools.crest.model.design.Label">
<site>2</site>
<labelBounds x="384" y="471" width="18" height="31"/>
<noBackgroundColor>true</noBackgroundColor>
<noForegroundColor>true</noForegroundColor>
</targetLabel>
<points>
<point x="384" y="493"/>
<point x="384" y="434"/>
</points>
</Connector>
<Connector class="oracle.dbtools.crest.swingui.logical.TVRelation" oid="393C92E2-C5B4-2CD9-9BD2-C21D4FCA33EB" otype="Relation" vid_source="F3624C0C-B724-3441-F3B6-DCFEC0D91351" vid_target="F3624C0C-B724-3441-F3B6-DCFEC0D91351">
<hideElementsInCurrentOnly>false</hideElementsInCurrentOnly>
<backgroundColor>-16777216</backgroundColor>
<lineWidth>1</lineWidth>
<sourceLabel class="oracle.dbtools.crest.model.design.Label">
<site>0</site>
<labelBounds x="190" y="290" width="105" height="31"/>
<noBackgroundColor>true</noBackgroundColor>
<noForegroundColor>true</noForegroundColor>
</sourceLabel>
<targetLabel class="oracle.dbtools.crest.model.design.Label">
<site>2</site>
<labelBounds x="191" y="379" width="18" height="31"/>
<noBackgroundColor>true</noBackgroundColor>
<noForegroundColor>true</noForegroundColor>
</targetLabel>
<points>
<point x="296" y="306"/>
<point x="190" y="306"/>
<point x="192" y="349"/>
<point x="191" y="389"/>
<point x="296" y="389"/>
</points>
</Connector>
<Connector class="oracle.dbtools.crest.swingui.logical.TVRelation" oid="4001D751-E98F-CEC2-5EDF-2DAD85945D2A" otype="Relation" vid_source="D741A472-CA76-FE92-14F8-AF2E136C89EA" vid_target="F3624C0C-B724-3441-F3B6-DCFEC0D91351">
<hideElementsInCurrentOnly>false</hideElementsInCurrentOnly>
<backgroundColor>-16777216</backgroundColor>
<lineWidth>1</lineWidth>
<sourceLabel class="oracle.dbtools.crest.model.design.Label">
<site>0</site>
<labelBounds x="732" y="178" width="60" height="30"/>
<noBackgroundColor>true</noBackgroundColor>
<noForegroundColor>true</noForegroundColor>
</sourceLabel>
<targetLabel class="oracle.dbtools.crest.model.design.Label">
<site>2</site>
<labelBounds x="485" y="313" width="18" height="31"/>
<noBackgroundColor>true</noBackgroundColor>
<noForegroundColor>true</noForegroundColor>
</targetLabel>
<points>
<point x="798" y="178"/>
<point x="475" y="313"/>
</points>
</Connector>
<Connector class="oracle.dbtools.crest.swingui.logical.TVRelation" oid="4AB0A83E-2FA5-BD1D-78E3-BFB8E83711B5" otype="Relation" vid_source="D741A472-CA76-FE92-14F8-AF2E136C89EA" vid_target="3E8347DE-B4B2-DBF3-3B4A-2B693170529F">
<hideElementsInCurrentOnly>false</hideElementsInCurrentOnly>
<backgroundColor>-16777216</backgroundColor>
<lineWidth>1</lineWidth>
<sourceLabel class="oracle.dbtools.crest.model.design.Label">
<site>0</site>
<labelBounds x="755" y="96" width="37" height="30"/>
<noBackgroundColor>true</noBackgroundColor>
<noForegroundColor>true</noForegroundColor>
</sourceLabel>
<targetLabel class="oracle.dbtools.crest.model.design.Label">
<site>2</site>
<labelBounds x="722" y="129" width="18" height="30"/>
<noBackgroundColor>true</noBackgroundColor>
<noForegroundColor>true</noForegroundColor>
</targetLabel>
<points>
<point x="798" y="126"/>
<point x="712" y="126"/>
</points>
</Connector>
<Connector class="oracle.dbtools.crest.swingui.logical.TVRelation" oid="5D9172D1-4997-E867-AAF5-9EF4A974A566" otype="Relation" vid_source="D741A472-CA76-FE92-14F8-AF2E136C89EA" vid_target="CD5F8F8A-286E-874A-29AC-03673D2B142B">
<hideElementsInCurrentOnly>false</hideElementsInCurrentOnly>
<backgroundColor>-16777216</backgroundColor>
<lineWidth>1</lineWidth>
<sourceLabel class="oracle.dbtools.crest.model.design.Label">
<site>0</site>
<labelBounds x="800" y="271" width="46" height="30"/>
<noBackgroundColor>true</noBackgroundColor>
<noForegroundColor>true</noForegroundColor>
</sourceLabel>
<targetLabel class="oracle.dbtools.crest.model.design.Label">
<site>2</site>
<labelBounds x="755" y="688" width="18" height="30"/>
<noBackgroundColor>true</noBackgroundColor>
<noForegroundColor>true</noForegroundColor>
</targetLabel>
<points>
<point x="800" y="219"/>
<point x="800" y="501"/>
<point x="803" y="685"/>
<point x="745" y="685"/>
</points>
</Connector>
<Connector class="oracle.dbtools.crest.swingui.logical.TVRelation" oid="5F9F4550-E871-8300-36E6-65EB5CD71401" otype="Relation" vid_source="F76D49FC-3A95-A261-F75E-6A2090915D52" vid_target="64A9AB91-308C-01C4-8AA8-4DAA144DA23F">
<hideElementsInCurrentOnly>false</hideElementsInCurrentOnly>
<backgroundColor>-16777216</backgroundColor>
<lineWidth>1</lineWidth>
<sourceLabel class="oracle.dbtools.crest.model.design.Label">
<site>0</site>
<labelBounds x="89" y="380" width="31" height="31"/>
<noBackgroundColor>true</noBackgroundColor>
<noForegroundColor>true</noForegroundColor>
</sourceLabel>
<targetLabel class="oracle.dbtools.crest.model.design.Label">
<site>2</site>
<labelBounds x="89" y="384" width="18" height="31"/>
<noBackgroundColor>true</noBackgroundColor>
<noForegroundColor>true</noForegroundColor>
</targetLabel>
<points>
<point x="89" y="417"/>
<point x="89" y="347"/>
</points>
</Connector>
<Connector class="oracle.dbtools.crest.swingui.logical.TVRelation" oid="75BA6D26-9531-7662-987A-FE97EDC353D4" otype="Relation" vid_source="CD5F8F8A-286E-874A-29AC-03673D2B142B" vid_target="6E37387F-A912-FB0B-6BD9-6787DFFCB65D">
<hideElementsInCurrentOnly>false</hideElementsInCurrentOnly>
<backgroundColor>-16777216</backgroundColor>
<lineWidth>1</lineWidth>
<sourceLabel class="oracle.dbtools.crest.model.design.Label">
<site>0</site>
<labelBounds x="477" y="684" width="92" height="31"/>
<noBackgroundColor>true</noBackgroundColor>
<noForegroundColor>true</noForegroundColor>
</sourceLabel>
<targetLabel class="oracle.dbtools.crest.model.design.Label">
<site>2</site>
<labelBounds x="483" y="621" width="18" height="31"/>
<noBackgroundColor>true</noBackgroundColor>
<noForegroundColor>true</noForegroundColor>
</targetLabel>
<points>
<point x="575" y="684"/>
<point x="473" y="621"/>
</points>
</Connector>
<Connector class="oracle.dbtools.crest.swingui.logical.TVRelation" oid="829EB903-B872-67EB-2E9E-9766551D7412" otype="Relation" vid_source="9F075B0A-09B1-0F07-BD59-282D917536EE" vid_target="1C2569DD-9077-BA1C-2E2A-DAB21A99376A">
<hideElementsInCurrentOnly>false</hideElementsInCurrentOnly>
<backgroundColor>-16777216</backgroundColor>
<lineWidth>1</lineWidth>
<sourceLabel class="oracle.dbtools.crest.model.design.Label">
<site>0</site>
<labelBounds x="645" y="458" width="55" height="31"/>
<noBackgroundColor>true</noBackgroundColor>
<noForegroundColor>true</noForegroundColor>
</sourceLabel>
<targetLabel class="oracle.dbtools.crest.model.design.Label">
<site>2</site>
<labelBounds x="645" y="470" width="18" height="31"/>
<noBackgroundColor>true</noBackgroundColor>
<noForegroundColor>true</noForegroundColor>
</targetLabel>
<points>
<point x="645" y="495"/>
<point x="645" y="433"/>
</points>
</Connector>
<Connector class="oracle.dbtools.crest.swingui.logical.TVRelation" oid="A18E4BA0-50C0-F88E-9429-68F3DE646D61" otype="Relation" vid_source="075C53C7-17DD-DCFF-61AF-171C5C3E797F" vid_target="F3624C0C-B724-3441-F3B6-DCFEC0D91351">
<hideElementsInCurrentOnly>false</hideElementsInCurrentOnly>
<backgroundColor>-16777216</backgroundColor>
<lineWidth>1</lineWidth>
<sourceLabel class="oracle.dbtools.crest.model.design.Label">
<site>0</site>
<labelBounds x="385" y="224" width="78" height="30"/>
<noBackgroundColor>true</noBackgroundColor>
<noForegroundColor>true</noForegroundColor>
</sourceLabel>
<targetLabel class="oracle.dbtools.crest.model.design.Label">
<site>2</site>
<labelBounds x="385" y="215" width="18" height="30"/>
<noBackgroundColor>true</noBackgroundColor>
<noForegroundColor>true</noForegroundColor>
</targetLabel>
<points>
<point x="385" y="180"/>
<point x="385" y="267"/>
</points>
</Connector>
<Connector class="oracle.dbtools.crest.swingui.logical.TVRelation" oid="D0203947-B01F-C152-BC9F-147A8D486E9E" otype="Relation" vid_source="F3624C0C-B724-3441-F3B6-DCFEC0D91351" vid_target="1C2569DD-9077-BA1C-2E2A-DAB21A99376A">
<hideElementsInCurrentOnly>false</hideElementsInCurrentOnly>
<backgroundColor>-16777216</backgroundColor>
<lineWidth>1</lineWidth>
<sourceLabel class="oracle.dbtools.crest.model.design.Label">
<site>0</site>
<labelBounds x="485" y="341" width="56" height="34"/>
<noBackgroundColor>true</noBackgroundColor>
<noForegroundColor>true</noForegroundColor>
</sourceLabel>
<targetLabel class="oracle.dbtools.crest.model.design.Label">
<site>2</site>
<labelBounds x="534" y="378" width="20" height="33"/>
<noBackgroundColor>true</noBackgroundColor>
<noForegroundColor>true</noForegroundColor>
</targetLabel>
<points>
<point x="475" y="375"/>
<point x="560" y="375"/>
</points>
</Connector>
<Connector class="oracle.dbtools.crest.swingui.logical.TVRelation" oid="D1DC0904-DEFE-4064-AFBB-076B50F2C7FA" otype="Relation" vid_source="075C53C7-17DD-DCFF-61AF-171C5C3E797F" vid_target="D741A472-CA76-FE92-14F8-AF2E136C89EA">
<hideElementsInCurrentOnly>false</hideElementsInCurrentOnly>
<backgroundColor>-16777216</backgroundColor>
<lineWidth>1</lineWidth>
<sourceLabel class="oracle.dbtools.crest.model.design.Label">
<site>0</site>
<labelBounds x="433" y="10" width="50" height="32"/>
<noBackgroundColor>true</noBackgroundColor>
<noForegroundColor>true</noForegroundColor>
</sourceLabel>
<targetLabel class="oracle.dbtools.crest.model.design.Label">
<site>2</site>
<labelBounds x="822" y="-2" width="24" height="32"/>
<noBackgroundColor>true</noBackgroundColor>
<noForegroundColor>true</noForegroundColor>
</targetLabel>
<points>
<point x="433" y="64"/>
<point x="433" y="12"/>
<point x="822" y="13"/>
<point x="822" y="60"/>
</points>
</Connector>
<Connector class="oracle.dbtools.crest.swingui.logical.TVRelation" oid="E8AF2432-239E-A345-ECA1-DDF44F13CF75" otype="Relation" vid_source="F3624C0C-B724-3441-F3B6-DCFEC0D91351" vid_target="64A9AB91-308C-01C4-8AA8-4DAA144DA23F">
<hideElementsInCurrentOnly>false</hideElementsInCurrentOnly>
<backgroundColor>-16777216</backgroundColor>
<lineWidth>1</lineWidth>
<sourceLabel class="oracle.dbtools.crest.model.design.Label">
<site>0</site>
<labelBounds x="317" y="199" width="54" height="30"/>
<noBackgroundColor>true</noBackgroundColor>
<noForegroundColor>true</noForegroundColor>
</sourceLabel>
<targetLabel class="oracle.dbtools.crest.model.design.Label">
<site>2</site>
<labelBounds x="156" y="188" width="20" height="31"/>
<noBackgroundColor>true</noBackgroundColor>
<noForegroundColor>true</noForegroundColor>
</targetLabel>
<points>
<point x="317" y="267"/>
<point x="317" y="210"/>
<point x="156" y="211"/>
<point x="156" y="233"/>
</points>
</Connector>
<Connector class="oracle.dbtools.crest.swingui.logical.TVRelation" oid="F48D987D-7AC2-D47A-DA0C-CDA7378EACA5" otype="Relation" vid_source="98752BEA-E31F-17B3-9146-CD3A4BCFA773" vid_target="D741A472-CA76-FE92-14F8-AF2E136C89EA">
<hideElementsInCurrentOnly>false</hideElementsInCurrentOnly>
<backgroundColor>-16777216</backgroundColor>
<lineWidth>1</lineWidth>
<sourceLabel class="oracle.dbtools.crest.model.design.Label">
<site>0</site>
<labelBounds x="901" y="298" width="66" height="30"/>
<noBackgroundColor>true</noBackgroundColor>
<noForegroundColor>true</noForegroundColor>
</sourceLabel>
<targetLabel class="oracle.dbtools.crest.model.design.Label">
<site>2</site>
<labelBounds x="901" y="287" width="18" height="30"/>
<noBackgroundColor>true</noBackgroundColor>
<noForegroundColor>true</noForegroundColor>
</targetLabel>
<points>
<point x="901" y="334"/>
<point x="901" y="219"/>
</points>
</Connector>
</connectors>
</Diagram>
