<?xml version = '1.0' encoding = 'UTF-8'?>
<relationalModel class="oracle.dbtools.crest.model.design.relational.RelationalDesign" name="Relational_1" id="63A58022-F151-EF9A-371B-86DB2ECDA9D2" mainViewID="67505B7F-A600-1875-BD27-4ECBA19D13EF">
<createdBy>gtan0021</createdBy>
<createdTime>2021-04-22 13:20:11 UTC</createdTime>
<ownerDesignName>animaldoctor</ownerDesignName>
<shouldBeOpen>false</shouldBeOpen>
<selectedRDBMSSite>32076570-2523-435C-2E92-BF29817DFF70</selectedRDBMSSite>
</relationalModel>