<?xml version = '1.0' encoding = 'UTF-8'?>
<Diagram class="oracle.dbtools.crest.swingui.relational.DPVRelational" name="Relational_1" id="67505B7F-A600-1875-BD27-4ECBA19D13EF">
<createdBy>gtan0021</createdBy>
<modifiedBy>gtan0021</modifiedBy>
<createdTime>2021-04-22 15:09:13 UTC</createdTime>
<autoRoute>false</autoRoute>
<boxInbox>true</boxInbox>
<showLegend>false</showLegend>
<showLabels>false</showLabels>
<showRelAttributes>false</showRelAttributes>
<gridEnabled>false</gridEnabled>
<showGrid>false</showGrid>
<diagramColor>-1</diagramColor>
<display>false</display>
<notation>1</notation>
<objectViews>
<OView class="oracle.dbtools.crest.swingui.relational.TVTable" oid="0F724463-232E-B3B0-1E45-B0811A98B19F" otype="Table" vid="75EC21D2-085D-9F2B-9789-D7D87FC0636E">
<hideElementsInCurrentOnly>false</hideElementsInCurrentOnly>
<bounds x="560" y="495" width="170" height="117"/>
</OView>
<OView class="oracle.dbtools.crest.swingui.relational.TVTable" oid="1E7B0DFF-1208-F7B8-CC6A-C862A0F00473" otype="Table" vid="5C944266-57C5-8DFE-C7AA-1250DBD7F05E">
<hideElementsInCurrentOnly>false</hideElementsInCurrentOnly>
<bounds x="295" y="493" width="178" height="145"/>
</OView>
<OView class="oracle.dbtools.crest.swingui.relational.TVTable" oid="2A6F9AC2-5D33-8EF5-73AC-AF45E155BD0B" otype="Table" vid="8144AD2D-7432-51E6-3806-961CD1B887DF">
<hideElementsInCurrentOnly>false</hideElementsInCurrentOnly>
<bounds x="297" y="699" width="170" height="116"/>
</OView>
<OView class="oracle.dbtools.crest.swingui.relational.TVTable" oid="31C76C09-D3AF-AAD4-BAAE-5B109EF69B71" otype="Table" vid="AA234EDC-7F59-5799-F262-F8AC6878915A">
<hideElementsInCurrentOnly>false</hideElementsInCurrentOnly>
<bounds x="542" y="70" width="170" height="113"/>
</OView>
<OView class="oracle.dbtools.crest.swingui.relational.TVTable" oid="51FAFE07-2485-A242-2250-8AD92D0138DD" otype="Table" vid="4F819BD8-0C82-02ED-D457-F4EF84986B9E">
<hideElementsInCurrentOnly>false</hideElementsInCurrentOnly>
<bounds x="3" y="417" width="170" height="113"/>
</OView>
<OView class="oracle.dbtools.crest.swingui.relational.TVTable" oid="711A8A52-B3A1-268C-9179-715C30461903" otype="Table" vid="975AAC45-95BE-2A85-3320-07EBD7FA098D">
<hideElementsInCurrentOnly>false</hideElementsInCurrentOnly>
<bounds x="820" y="334" width="170" height="123"/>
</OView>
<OView class="oracle.dbtools.crest.swingui.relational.TVTable" oid="A1DD5661-5E87-BB2B-369C-5B588E591CF5" otype="Table" vid="C9024AC1-9233-D8C8-0FDC-E40215D3FEFF">
<hideElementsInCurrentOnly>false</hideElementsInCurrentOnly>
<bounds x="6" y="233" width="170" height="114"/>
</OView>
<OView class="oracle.dbtools.crest.swingui.relational.TVTable" oid="A62D7A99-6C3B-99FC-6A65-44EFD07D04CB" otype="Table" vid="58560995-8C74-0405-5258-332E9D36EA67">
<hideElementsInCurrentOnly>false</hideElementsInCurrentOnly>
<bounds x="300" y="64" width="170" height="116"/>
</OView>
<OView class="oracle.dbtools.crest.swingui.relational.TVTable" oid="C2D0B8C5-5C84-2DDA-28D8-72D0558FBD30" otype="Table" vid="439285D5-356A-B0DA-A7A1-A90588558725">
<hideElementsInCurrentOnly>false</hideElementsInCurrentOnly>
<bounds x="575" y="665" width="170" height="146"/>
</OView>
<OView class="oracle.dbtools.crest.swingui.relational.TVTable" oid="E9F89668-2FC9-C1F7-733F-818DEEBB7CA4" otype="Table" vid="4421FAAD-76E6-0B92-33C5-F67C952A1E6A">
<hideElementsInCurrentOnly>false</hideElementsInCurrentOnly>
<bounds x="560" y="318" width="170" height="115"/>
</OView>
<OView class="oracle.dbtools.crest.swingui.relational.TVTable" oid="F9E65541-C45D-9227-B3C4-BA73267B8193" otype="Table" vid="76E3E58F-E67C-FC7B-E4B8-9B9E3CCA63EB">
<hideElementsInCurrentOnly>false</hideElementsInCurrentOnly>
<bounds x="296" y="267" width="179" height="167"/>
</OView>
<OView class="oracle.dbtools.crest.swingui.relational.TVTable" oid="FDAD34A0-28A5-D0D4-A62C-817D916AB95D" otype="Table" vid="1C6A6AE3-2B4E-A364-3A81-30D8936D70B3">
<hideElementsInCurrentOnly>false</hideElementsInCurrentOnly>
<bounds x="798" y="60" width="185" height="159"/>
</OView>
</objectViews>
<connectors>
<Connector class="oracle.dbtools.crest.swingui.relational.TVFKRelation" oid="0AFFCEFE-D566-1C28-01EA-DCC3D96D2426" otype="FKIndexAssociation" vid_source="1C6A6AE3-2B4E-A364-3A81-30D8936D70B3" vid_target="76E3E58F-E67C-FC7B-E4B8-9B9E3CCA63EB">
<hideElementsInCurrentOnly>false</hideElementsInCurrentOnly>
<backgroundColor>-16777216</backgroundColor>
<lineWidth>1</lineWidth>
<points>
<point x="798" y="178"/>
<point x="475" y="313"/>
</points>
</Connector>
<Connector class="oracle.dbtools.crest.swingui.relational.TVFKRelation" oid="11FEE687-78D5-7CE6-C533-05FF1A6A9B05" otype="FKIndexAssociation" vid_source="58560995-8C74-0405-5258-332E9D36EA67" vid_target="AA234EDC-7F59-5799-F262-F8AC6878915A">
<hideElementsInCurrentOnly>false</hideElementsInCurrentOnly>
<backgroundColor>-16777216</backgroundColor>
<lineWidth>1</lineWidth>
<points>
<point x="470" y="140"/>
<point x="542" y="140"/>
</points>
</Connector>
<Connector class="oracle.dbtools.crest.swingui.relational.TVFKRelation" oid="210A6063-9E42-BB6A-E8D9-0A16911B8497" otype="FKIndexAssociation" vid_source="76E3E58F-E67C-FC7B-E4B8-9B9E3CCA63EB" vid_target="4421FAAD-76E6-0B92-33C5-F67C952A1E6A">
<hideElementsInCurrentOnly>false</hideElementsInCurrentOnly>
<backgroundColor>-16777216</backgroundColor>
<lineWidth>1</lineWidth>
<points>
<point x="475" y="375"/>
<point x="560" y="375"/>
</points>
</Connector>
<Connector class="oracle.dbtools.crest.swingui.relational.TVFKRelation" oid="3EDF52CA-639F-497C-0C44-6043A2B35190" otype="FKIndexAssociation" vid_source="58560995-8C74-0405-5258-332E9D36EA67" vid_target="1C6A6AE3-2B4E-A364-3A81-30D8936D70B3">
<hideElementsInCurrentOnly>false</hideElementsInCurrentOnly>
<backgroundColor>-16777216</backgroundColor>
<lineWidth>1</lineWidth>
<points>
<point x="433" y="64"/>
<point x="433" y="12"/>
<point x="822" y="13"/>
<point x="822" y="60"/>
</points>
</Connector>
<Connector class="oracle.dbtools.crest.swingui.relational.TVFKRelation" oid="4A6E0FE9-CE62-384F-6696-2BEADF762637" otype="FKIndexAssociation" vid_source="8144AD2D-7432-51E6-3806-961CD1B887DF" vid_target="5C944266-57C5-8DFE-C7AA-1250DBD7F05E">
<hideElementsInCurrentOnly>false</hideElementsInCurrentOnly>
<backgroundColor>-16777216</backgroundColor>
<lineWidth>1</lineWidth>
<points>
<point x="382" y="699"/>
<point x="382" y="638"/>
</points>
</Connector>
<Connector class="oracle.dbtools.crest.swingui.relational.TVFKRelation" oid="55A92351-DF10-502F-FC03-CC9A78364A68" otype="FKIndexAssociation" vid_source="76E3E58F-E67C-FC7B-E4B8-9B9E3CCA63EB" vid_target="76E3E58F-E67C-FC7B-E4B8-9B9E3CCA63EB">
<hideElementsInCurrentOnly>false</hideElementsInCurrentOnly>
<backgroundColor>-16777216</backgroundColor>
<lineWidth>1</lineWidth>
<points>
<point x="296" y="306"/>
<point x="190" y="306"/>
<point x="192" y="349"/>
<point x="191" y="389"/>
<point x="296" y="389"/>
</points>
</Connector>
<Connector class="oracle.dbtools.crest.swingui.relational.TVFKRelation" oid="5B7889DE-6B7F-7555-7FFF-19F233F6264D" otype="FKIndexAssociation" vid_source="4F819BD8-0C82-02ED-D457-F4EF84986B9E" vid_target="C9024AC1-9233-D8C8-0FDC-E40215D3FEFF">
<hideElementsInCurrentOnly>false</hideElementsInCurrentOnly>
<backgroundColor>-16777216</backgroundColor>
<lineWidth>1</lineWidth>
<points>
<point x="89" y="417"/>
<point x="89" y="347"/>
</points>
</Connector>
<Connector class="oracle.dbtools.crest.swingui.relational.TVFKRelation" oid="70C1E2A7-707F-E1B1-5E9E-045F6973BBDF" otype="FKIndexAssociation" vid_source="58560995-8C74-0405-5258-332E9D36EA67" vid_target="76E3E58F-E67C-FC7B-E4B8-9B9E3CCA63EB">
<hideElementsInCurrentOnly>false</hideElementsInCurrentOnly>
<backgroundColor>-16777216</backgroundColor>
<lineWidth>1</lineWidth>
<points>
<point x="385" y="180"/>
<point x="385" y="267"/>
</points>
</Connector>
<Connector class="oracle.dbtools.crest.swingui.relational.TVFKRelation" oid="AC99B0CA-BD3A-F111-FE71-04B1E14B7C06" otype="FKIndexAssociation" vid_source="439285D5-356A-B0DA-A7A1-A90588558725" vid_target="5C944266-57C5-8DFE-C7AA-1250DBD7F05E">
<hideElementsInCurrentOnly>false</hideElementsInCurrentOnly>
<backgroundColor>-16777216</backgroundColor>
<lineWidth>1</lineWidth>
<points>
<point x="575" y="684"/>
<point x="473" y="621"/>
</points>
</Connector>
<Connector class="oracle.dbtools.crest.swingui.relational.TVFKRelation" oid="BD783ABD-C0F0-5879-B91C-0E5901EBE174" otype="FKIndexAssociation" vid_source="1C6A6AE3-2B4E-A364-3A81-30D8936D70B3" vid_target="439285D5-356A-B0DA-A7A1-A90588558725">
<hideElementsInCurrentOnly>false</hideElementsInCurrentOnly>
<backgroundColor>-16777216</backgroundColor>
<lineWidth>1</lineWidth>
<points>
<point x="800" y="219"/>
<point x="800" y="501"/>
<point x="803" y="685"/>
<point x="745" y="685"/>
</points>
</Connector>
<Connector class="oracle.dbtools.crest.swingui.relational.TVFKRelation" oid="C4B1E22B-FC32-1B92-16A6-4764CC71F345" otype="FKIndexAssociation" vid_source="1C6A6AE3-2B4E-A364-3A81-30D8936D70B3" vid_target="AA234EDC-7F59-5799-F262-F8AC6878915A">
<hideElementsInCurrentOnly>false</hideElementsInCurrentOnly>
<backgroundColor>-16777216</backgroundColor>
<lineWidth>1</lineWidth>
<points>
<point x="798" y="126"/>
<point x="712" y="126"/>
</points>
</Connector>
<Connector class="oracle.dbtools.crest.swingui.relational.TVFKRelation" oid="D343CCB7-1821-C151-FE88-D3C309A66BEA" otype="FKIndexAssociation" vid_source="5C944266-57C5-8DFE-C7AA-1250DBD7F05E" vid_target="76E3E58F-E67C-FC7B-E4B8-9B9E3CCA63EB">
<hideElementsInCurrentOnly>false</hideElementsInCurrentOnly>
<backgroundColor>-16777216</backgroundColor>
<lineWidth>1</lineWidth>
<points>
<point x="384" y="493"/>
<point x="384" y="434"/>
</points>
</Connector>
<Connector class="oracle.dbtools.crest.swingui.relational.TVFKRelation" oid="D626A963-F1B8-89ED-3875-338ECB3B8B3B" otype="FKIndexAssociation" vid_source="75EC21D2-085D-9F2B-9789-D7D87FC0636E" vid_target="4421FAAD-76E6-0B92-33C5-F67C952A1E6A">
<hideElementsInCurrentOnly>false</hideElementsInCurrentOnly>
<backgroundColor>-16777216</backgroundColor>
<lineWidth>1</lineWidth>
<points>
<point x="645" y="495"/>
<point x="645" y="433"/>
</points>
</Connector>
<Connector class="oracle.dbtools.crest.swingui.relational.TVFKRelation" oid="F133CC06-D3F3-B3C6-4D79-7E64758A778F" otype="FKIndexAssociation" vid_source="76E3E58F-E67C-FC7B-E4B8-9B9E3CCA63EB" vid_target="C9024AC1-9233-D8C8-0FDC-E40215D3FEFF">
<hideElementsInCurrentOnly>false</hideElementsInCurrentOnly>
<backgroundColor>-16777216</backgroundColor>
<lineWidth>1</lineWidth>
<points>
<point x="317" y="267"/>
<point x="317" y="210"/>
<point x="156" y="211"/>
<point x="156" y="233"/>
</points>
</Connector>
<Connector class="oracle.dbtools.crest.swingui.relational.TVFKRelation" oid="F171D25F-42A1-34FC-985E-0DC5C2B6DA7C" otype="FKIndexAssociation" vid_source="975AAC45-95BE-2A85-3320-07EBD7FA098D" vid_target="1C6A6AE3-2B4E-A364-3A81-30D8936D70B3">
<hideElementsInCurrentOnly>false</hideElementsInCurrentOnly>
<backgroundColor>-16777216</backgroundColor>
<lineWidth>1</lineWidth>
<points>
<point x="901" y="334"/>
<point x="901" y="219"/>
</points>
</Connector>
</connectors>
</Diagram>
